brand,ats,identifier,url,verified_name,jobs,sg_jobs,needs_review
SGS,smartrecruiters,sgs,https://careers.smartrecruiters.com/sgs,SGS,4123,0,0
Eurofins,smartrecruiters,eurofins,https://careers.smartrecruiters.com/eurofins,Eurofins,2506,1,0
Bridgestone,workday,https://bridgestone.wd5.myworkdayjobs.com/External,https://bridgestone.wd5.myworkdayjobs.com/External,bridgestone,2000,-1,0
IQVIA,workday,https://iqvia.wd1.myworkdayjobs.com/Iqvia,https://iqvia.wd1.myworkdayjobs.com/Iqvia,iqvia,2000,-1,0
Amgen,workday,https://amgen.wd1.myworkdayjobs.com/Careers,https://amgen.wd1.myworkdayjobs.com/Careers,amgen,1606,-1,0
DBS,workday,https://dbs.wd3.myworkdayjobs.com/Dbs_Careers,https://dbs.wd3.myworkdayjobs.com/Dbs_Careers,dbs,1407,-1,0
Magna,workday,https://magna.wd3.myworkdayjobs.com/Magna,https://magna.wd3.myworkdayjobs.com/Magna,magna,1285,-1,0
Securitas,smartrecruiters,securitas,https://careers.smartrecruiters.com/securitas,Securitas,1220,0,0
Richemont,workday,https://richemont.wd3.myworkdayjobs.com/Richemont,https://richemont.wd3.myworkdayjobs.com/Richemont,richemont,1169,-1,0
ALTEN,smartrecruiters,alten,https://careers.smartrecruiters.com/alten,ALTEN,1128,0,0
AFRY,smartrecruiters,afry,https://careers.smartrecruiters.com/afry,AFRY,1014,0,0
Capco,greenhouse,capco,https://boards.greenhouse.io/capco,Capco,738,6,0
Accor,smartrecruiters,accor,https://careers.smartrecruiters.com/accor,Accor,532,4,0
Allstate,workday,https://allstate.wd5.myworkdayjobs.com/Allstate_Careers,https://allstate.wd5.myworkdayjobs.com/Allstate_Careers,allstate,464,-1,0
Viatris,workday,https://viatris.wd5.myworkdayjobs.com/External,https://viatris.wd5.myworkdayjobs.com/External,viatris,456,-1,0
CrowdStrike,workday,https://crowdstrike.wd5.myworkdayjobs.com/CrowdstrikeCareers,https://crowdstrike.wd5.myworkdayjobs.com/CrowdstrikeCareers,crowdstrike,413,-1,0
Nidec,workday,https://nidec.wd1.myworkdayjobs.com/Nidec,https://nidec.wd1.myworkdayjobs.com/Nidec,nidec,366,-1,0
Galderma,workday,https://galderma.wd3.myworkdayjobs.com/External,https://galderma.wd3.myworkdayjobs.com/External,galderma,359,-1,0
Evonik,workday,https://evonik.wd3.myworkdayjobs.com/External_Careers,https://evonik.wd3.myworkdayjobs.com/External_Careers,evonik,354,-1,0
Tencent,workday,https://tencent.wd1.myworkdayjobs.com/Tencent_Careers,https://tencent.wd1.myworkdayjobs.com/Tencent_Careers,tencent,333,-1,0
Catalent,workday,https://catalent.wd1.myworkdayjobs.com/External,https://catalent.wd1.myworkdayjobs.com/External,catalent,312,-1,0
Agoda,greenhouse,agoda,https://boards.greenhouse.io/agoda,Agoda,269,8,0
Terex,workday,https://terex.wd1.myworkdayjobs.com/TerexCareers,https://terex.wd1.myworkdayjobs.com/TerexCareers,terex,252,-1,0
Endava,smartrecruiters,endava,https://careers.smartrecruiters.com/endava,Endava,236,0,0
Roblox,greenhouse,roblox,https://boards.greenhouse.io/roblox,Roblox,232,2,0
Greif,workday,https://greif.wd5.myworkdayjobs.com/Greif,https://greif.wd5.myworkdayjobs.com/Greif,greif,229,-1,0
Insulet,workday,https://insulet.wd5.myworkdayjobs.com/InsuletCareers,https://insulet.wd5.myworkdayjobs.com/InsuletCareers,insulet,194,-1,0
Huntsman,workday,https://huntsman.wd1.myworkdayjobs.com/Huntsman,https://huntsman.wd1.myworkdayjobs.com/Huntsman,huntsman,171,-1,0
Morningstar,workday,https://morningstar.wd5.myworkdayjobs.com/Morningstar,https://morningstar.wd5.myworkdayjobs.com/Morningstar,morningstar,169,-1,0
DuPont,workday,https://dupont.wd5.myworkdayjobs.com/Jobs,https://dupont.wd5.myworkdayjobs.com/Jobs,dupont,169,-1,0
Formlabs,greenhouse,formlabs,https://boards.greenhouse.io/formlabs,Formlabs,169,0,0
Qualys,workday,https://qualys.wd5.myworkdayjobs.com/Careers,https://qualys.wd5.myworkdayjobs.com/Careers,qualys,157,-1,0
Fugro,workday,https://fugro.wd3.myworkdayjobs.com/Careers,https://fugro.wd3.myworkdayjobs.com/Careers,fugro,152,-1,0
InterSystems,greenhouse,intersystems,https://boards.greenhouse.io/intersystems,InterSystems,142,4,0
Aviva,workday,https://aviva.wd1.myworkdayjobs.com/External,https://aviva.wd1.myworkdayjobs.com/External,aviva,117,-1,0
Ampol,smartrecruiters,ampol,https://careers.smartrecruiters.com/ampol,Ampol,115,0,0
Guidepoint,greenhouse,guidepoint,https://boards.greenhouse.io/guidepoint,Guidepoint,114,2,0
AlixPartners,greenhouse,alixpartners,https://boards.greenhouse.io/alixpartners,AlixPartners,113,3,0
Colliers,smartrecruiters,colliers,https://careers.smartrecruiters.com/colliers,Colliers,112,0,0
ConvaTec,workday,https://convatec.wd1.myworkdayjobs.com/Convatec,https://convatec.wd1.myworkdayjobs.com/Convatec,convatec,110,-1,0
Rubrik,greenhouse,rubrik,https://boards.greenhouse.io/rubrik,Rubrik Job Board,99,2,0
Roquette,workday,https://roquette.wd3.myworkdayjobs.com/External,https://roquette.wd3.myworkdayjobs.com/External,roquette,91,-1,0
ConMed,workday,https://conmed.wd5.myworkdayjobs.com/Conmed,https://conmed.wd5.myworkdayjobs.com/Conmed,conmed,91,-1,0
SolarWinds,greenhouse,solarwinds,https://boards.greenhouse.io/solarwinds,SolarWinds,90,1,0
TripAdvisor,greenhouse,tripadvisor,https://boards.greenhouse.io/tripadvisor,Tripadvisor,89,1,0
StackAdapt,greenhouse,stackadapt,https://boards.greenhouse.io/stackadapt,StackAdapt,87,2,0
Repsol,workday,https://repsol.wd3.myworkdayjobs.com/Repsol,https://repsol.wd3.myworkdayjobs.com/Repsol,repsol,72,-1,0
Mitel,workday,https://mitel.wd3.myworkdayjobs.com/MitelCareers,https://mitel.wd3.myworkdayjobs.com/MitelCareers,mitel,67,-1,0
Twitch,greenhouse,twitch,https://boards.greenhouse.io/twitch,Twitch,64,0,0
Teneo,greenhouse,teneo,https://boards.greenhouse.io/teneo,Teneo ,63,1,0
Kantar,workday,https://kantar.wd3.myworkdayjobs.com/Kantar,https://kantar.wd3.myworkdayjobs.com/Kantar,kantar,62,-1,0
Renishaw,workday,https://renishaw.wd3.myworkdayjobs.com/Renishaw,https://renishaw.wd3.myworkdayjobs.com/Renishaw,renishaw,62,-1,0
JFrog,greenhouse,jfrog,https://boards.greenhouse.io/jfrog,JFrog,57,1,0
Instawork,greenhouse,instawork,https://boards.greenhouse.io/instawork,Instawork,55,0,0
LogicMonitor,greenhouse,logicmonitor,https://boards.greenhouse.io/logicmonitor,LogicMonitor,54,0,0
Brainlabs,greenhouse,brainlabs,https://boards.greenhouse.io/brainlabs,Brainlabs,53,3,0
Kao,greenhouse,kao,https://boards.greenhouse.io/kao,Kao Corporation,52,0,0
Carta,greenhouse,carta,https://boards.greenhouse.io/carta,Carta,50,2,0
Exiger,greenhouse,exiger,https://boards.greenhouse.io/exiger,Exiger,50,1,0
Ocorian,smartrecruiters,ocorian,https://careers.smartrecruiters.com/ocorian,Ocorian,49,3,0
Moloco,greenhouse,moloco,https://boards.greenhouse.io/moloco,Moloco,46,2,0
AXS,greenhouse,axs,https://boards.greenhouse.io/axs,AXS,44,0,0
ENSCO,greenhouse,ensco,https://boards.greenhouse.io/ensco,"ENSCO, Inc.",44,0,0
Brady,greenhouse,brady,https://boards.greenhouse.io/brady,Brady Services,43,0,0
Fastmarkets,smartrecruiters,fastmarkets,https://careers.smartrecruiters.com/fastmarkets,Fastmarkets,39,5,0
Vitol,smartrecruiters,vitol,https://careers.smartrecruiters.com/vitol,Vitol,38,8,0
BitGo,greenhouse,bitgo,https://boards.greenhouse.io/bitgo,BitGo,38,1,0
Barings,workday,https://barings.wd1.myworkdayjobs.com/Barings,https://barings.wd1.myworkdayjobs.com/Barings,barings,37,-1,0
Caseware,lever,caseware,https://jobs.lever.co/caseware,,37,0,0
IONOS,greenhouse,ionos,https://boards.greenhouse.io/ionos,IONOS DE,30,0,0
AppLovin,greenhouse,applovin,https://boards.greenhouse.io/applovin,AppLovin,29,3,0
Baidu,greenhouse,baidu,https://boards.greenhouse.io/baidu,Baidu USA,27,0,0
BlueScope,smartrecruiters,bluescope,https://careers.smartrecruiters.com/bluescope,BlueScope,24,0,0
DriveWealth,greenhouse,drivewealth,https://boards.greenhouse.io/drivewealth,DriveWealth,21,0,0
BYD,greenhouse,byd,https://boards.greenhouse.io/byd,BYD North America,20,0,0
PingCAP,greenhouse,pingcap,https://boards.greenhouse.io/pingcap,TiDB,20,4,1
Truecaller,greenhouse,truecaller,https://boards.greenhouse.io/truecaller,Truecaller,20,0,0
HeyGen,greenhouse,heygen,https://boards.greenhouse.io/heygen,HeyGen,20,3,0
Motive,greenhouse,motive,https://boards.greenhouse.io/motive,Motive,19,0,0
NIO,workday,https://nio.wd3.myworkdayjobs.com/Nio_Careers,https://nio.wd3.myworkdayjobs.com/Nio_Careers,nio,18,-1,0
GIA,workday,https://gia.wd1.myworkdayjobs.com/Gia,https://gia.wd1.myworkdayjobs.com/Gia,gia,14,-1,0
Udacity,greenhouse,udacity,https://boards.greenhouse.io/udacity,Udacity,14,0,0
BIS,lever,bis,https://jobs.lever.co/bis,,13,0,0
Agilysys,greenhouse,agilysys,https://boards.greenhouse.io/agilysys,Agilysys,13,2,0
Yubico,greenhouse,yubico,https://boards.greenhouse.io/yubico,Yubico Inc.,13,1,0
Everbridge,lever,everbridge,https://jobs.lever.co/everbridge,,12,0,0
PlanRadar,greenhouse,planradar,https://boards.greenhouse.io/planradar,PlanRadar GmbH,12,0,0
Capvision,greenhouse,capvision,https://boards.greenhouse.io/capvision,True North Insights,11,0,1
Engelhart,greenhouse,engelhart,https://boards.greenhouse.io/engelhart,Engelhart,10,0,0
GumGum,greenhouse,gumgum,https://boards.greenhouse.io/gumgum,GumGum,10,0,0
Harmonic,greenhouse,harmonic,https://boards.greenhouse.io/harmonic,Harmonic,9,0,0
B2C2,greenhouse,b2c2,https://boards.greenhouse.io/b2c2,B2C2,9,2,0
Lonza,smartrecruiters,lonza,https://careers.smartrecruiters.com/lonza,Lonza,6,0,0
Travix,greenhouse,travix,https://boards.greenhouse.io/travix,Travix,6,0,0
IMI,greenhouse,imi,https://boards.greenhouse.io/imi,IMI,4,0,1
Shutterstock,workday,https://shutterstock.wd1.myworkdayjobs.com/ShutterstockCareers,https://shutterstock.wd1.myworkdayjobs.com/ShutterstockCareers,shutterstock,4,-1,1
DigitalBridge,greenhouse,digitalbridge,https://boards.greenhouse.io/digitalbridge,DigitalBridge,4,0,1
DocuSign,smartrecruiters,docusign,https://careers.smartrecruiters.com/docusign,DocuSign,4,0,1
Groma,greenhouse,groma,https://boards.greenhouse.io/groma,Groma,3,0,1
Synechron,smartrecruiters,synechron,https://careers.smartrecruiters.com/synechron,Synechron,3,0,1
Markham,lever,markham,https://jobs.lever.co/markham,,2,0,1
Flowdesk,smartrecruiters,flowdesk,https://careers.smartrecruiters.com/flowdesk,Flowdesk,2,0,1
Analogfolk,lever,analogfolk,https://jobs.lever.co/analogfolk,,2,0,1
Kayak,greenhouse,kayak,https://boards.greenhouse.io/kayak,KAYAK,1,0,1
Ensign,workday,https://ensign.wd1.myworkdayjobs.com/Ensign,https://ensign.wd1.myworkdayjobs.com/Ensign,ensign,1,-1,1
Xiaomi,smartrecruiters,xiaomi,https://careers.smartrecruiters.com/xiaomi,Xiaomi,1,0,1
Raine,lever,raine,https://jobs.lever.co/raine,,1,0,1
Markel,smartrecruiters,markel,https://careers.smartrecruiters.com/markel,Markel,1,0,1
Lucidworks,lever,lucidworks,https://jobs.lever.co/lucidworks,,1,0,1
Genetec,smartrecruiters,genetec,https://careers.smartrecruiters.com/genetec,genetec,1,0,1
AboitizPower,smartrecruiters,aboitizpower,https://careers.smartrecruiters.com/aboitizpower,AboitizPower,1,0,1
Masimo,smartrecruiters,masimo,https://careers.smartrecruiters.com/masimo,Masimo,1,0,1
Lingaro,smartrecruiters,lingaro,https://careers.smartrecruiters.com/lingaro,Lingaro,1,0,1
Pulse Electronics,greenhouse,pulse,https://boards.greenhouse.io/pulse,Pulse Healthcare,2577,0,0
Databricks,greenhouse,databricks,https://boards.greenhouse.io/databricks,Databricks,787,31,0
Esri,greenhouse,esri,https://boards.greenhouse.io/esri,Esri,442,4,0
Palantir,lever,palantir,https://jobs.lever.co/palantir,,270,0,0
Riot Games,greenhouse,riotgames,https://boards.greenhouse.io/riotgames,Riot Games,162,20,0
Twilio,greenhouse,twilio,https://boards.greenhouse.io/twilio,Twilio,154,3,0
Epic Games,greenhouse,epicgames,https://boards.greenhouse.io/epicgames,Epic Games,127,0,0
Syska Hennessy,greenhouse,syskahennessy,https://boards.greenhouse.io/syskahennessy,Syska Hennessy Group,111,0,0
Cato Networks,greenhouse,catonetworks,https://boards.greenhouse.io/catonetworks,Cato Networks,109,3,0
Spotify,lever,spotify,https://jobs.lever.co/spotify,,104,2,0
LG Electronics,greenhouse,lgelectronics,https://boards.greenhouse.io/lgelectronics,LG Electronics,102,0,0
Coupa,lever,coupa,https://jobs.lever.co/coupa,,96,1,0
Hunter Douglas,greenhouse,hunterdouglas,https://boards.greenhouse.io/hunterdouglas,Hunter Douglas,72,0,0
Ion Beam Applications,lever,ion,https://jobs.lever.co/ion,,66,0,0
Baringa,greenhouse,baringa,https://boards.greenhouse.io/baringa,Baringa,64,2,0
Nintendo,greenhouse,nintendo,https://boards.greenhouse.io/nintendo,Nintendo,51,0,0
Extreme Networks,lever,extremenetworks,https://jobs.lever.co/extremenetworks,,51,0,0
Capital Economics,lever,capital,https://jobs.lever.co/capital,,49,0,0
Capital Drilling,lever,capital,https://jobs.lever.co/capital,,49,0,0
Telesat,lever,telesat,https://jobs.lever.co/telesat,,48,0,0
Magnet Forensics,lever,magnetforensics,https://jobs.lever.co/magnetforensics,,47,1,0
Genius Sports,greenhouse,geniussports,https://boards.greenhouse.io/geniussports,Genius Sports,44,0,0
Brady Corporation,greenhouse,brady,https://boards.greenhouse.io/brady,Brady Services,43,0,0
Bird Electronic,greenhouse,bird,https://boards.greenhouse.io/bird,Bird,39,0,0
Air Liquide,greenhouse,air,https://boards.greenhouse.io/air,Air,37,0,0
Air Cruisers,greenhouse,air,https://boards.greenhouse.io/air,Air,37,0,0
Air Premia,greenhouse,air,https://boards.greenhouse.io/air,Air,37,0,0
Air Charter Service,greenhouse,air,https://boards.greenhouse.io/air,Air,37,0,0
Air Canada,greenhouse,air,https://boards.greenhouse.io/air,Air,37,0,0
Air Niugini,greenhouse,air,https://boards.greenhouse.io/air,Air,37,0,0
Flow Traders,greenhouse,flowtraders,https://boards.greenhouse.io/flowtraders,Flow Traders,35,0,0
Lockwood International,greenhouse,lockwood,https://boards.greenhouse.io/lockwood,"The Lockwood Group, LLC",29,0,0
ABC Cooking Studio,greenhouse,abc,https://boards.greenhouse.io/abc,ThoughtWorks_new,24,1,1
ABC Arbitrage,greenhouse,abc,https://boards.greenhouse.io/abc,ThoughtWorks_new,24,1,1
Nozomi Networks,greenhouse,nozominetworks,https://boards.greenhouse.io/nozominetworks,Nozomi Networks,22,1,0
Gate Gourmet,lever,gate,https://jobs.lever.co/gate,,19,0,0
Sandbox VR,lever,sandboxvr,https://jobs.lever.co/sandboxvr,,17,0,0
Starburst Data,greenhouse,starburst,https://boards.greenhouse.io/starburst,Starburst,16,0,0
Shelf Drilling,greenhouse,shelf,https://boards.greenhouse.io/shelf,Shelf,13,0,0
Adams Street Partners,greenhouse,adamsstreetpartners,https://boards.greenhouse.io/adamsstreetpartners,Adams Street Partners,13,1,0
BW Offshore,greenhouse,bw,https://boards.greenhouse.io/bw,BW,12,0,0
Artisan Partners,greenhouse,artisanpartners,https://boards.greenhouse.io/artisanpartners,Artisan Partners,12,0,0
Galileo,greenhouse,galileo,https://boards.greenhouse.io/galileo,Galileo,11,0,0
Objective Systems,lever,objective,https://jobs.lever.co/objective,,11,0,0
SAFE STS,lever,safe,https://jobs.lever.co/safe,,11,0,0
India Infrastructure Fund,greenhouse,india,https://boards.greenhouse.io/india,AQR India,11,0,0
Bandai Namco,greenhouse,bandainamco,https://boards.greenhouse.io/bandainamco,Bandai Namco Entertainment America Inc.,10,0,0
National Petrochemical,greenhouse,national,https://boards.greenhouse.io/national,NATIONAL,8,0,0
National Pension Service,greenhouse,national,https://boards.greenhouse.io/national,NATIONAL,8,0,0
Global Blue,lever,blue,https://jobs.lever.co/blue,,7,0,0
Integra LifeSciences,greenhouse,integra,https://boards.greenhouse.io/integra,IntegraFEC,7,0,1
PT Surveyor Indonesia,greenhouse,pt,https://boards.greenhouse.io/pt,WePractice (Psychotherapeut:in),7,0,1
Blue Yonder,lever,blue,https://jobs.lever.co/blue,,7,0,0
Trident Trust,greenhouse,trident,https://boards.greenhouse.io/trident,Trident,6,0,0
Citigate Dewe Rogerson,greenhouse,citigatedewerogerson,https://boards.greenhouse.io/citigatedewerogerson,CDR,6,2,1
Allied Automotive,greenhouse,allied,https://boards.greenhouse.io/allied,Allied Mechanical,5,0,0
Sprout Social,greenhouse,sproutsocial,https://boards.greenhouse.io/sproutsocial,Sprout Social,5,0,0
Charles River,greenhouse,charles,https://boards.greenhouse.io/charles,charles,4,0,0
MAS Holdings,greenhouse,mas,https://boards.greenhouse.io/mas,Midwest Applied Solutions,4,0,1
OCS Group,greenhouse,ocs,https://boards.greenhouse.io/ocs,Opportunity Charter School,3,0,1
Japan Real Estate Institute,greenhouse,japan,https://boards.greenhouse.io/japan,Mirakl - Japan,3,0,0
Metro Pacific Tollways,greenhouse,metro,https://boards.greenhouse.io/metro,Metro East JV,3,0,0
TPM Flavour,greenhouse,tpm,https://boards.greenhouse.io/tpm,TPM Group,3,0,0
Noble Drilling,greenhouse,noble,https://boards.greenhouse.io/noble,Noble,2,0,0
Archer,greenhouse,archer,https://boards.greenhouse.io/archer,Archer Veterinary Clinic,1,0,0
General Motors,greenhouse,general,https://boards.greenhouse.io/general,General Interest,1,0,0
Korea Investment Corporation,greenhouse,korea,https://boards.greenhouse.io/korea,SIE KOREA,1,0,0
Goodwin Procter,greenhouse,goodwin,https://boards.greenhouse.io/goodwin,Goodwin,1,0,0
General Reinsurance,greenhouse,general,https://boards.greenhouse.io/general,General Interest,1,0,0
Korea Exchange,greenhouse,korea,https://boards.greenhouse.io/korea,SIE KOREA,1,0,0
Korea Investment Partners,greenhouse,korea,https://boards.greenhouse.io/korea,SIE KOREA,1,0,0
Korea Venture Investment,greenhouse,korea,https://boards.greenhouse.io/korea,SIE KOREA,1,0,0
Tetra Chemicals,greenhouse,tetra,https://boards.greenhouse.io/tetra,Tetra,1,0,0
Micron,workday,https://micron.wd1.myworkdayjobs.com/External,https://micron.wd1.myworkdayjobs.com/External,micron,2885,-1,0
Takeda,workday,https://takeda.wd3.myworkdayjobs.com/External,https://takeda.wd3.myworkdayjobs.com/External,takeda,1655,-1,0
AstraZeneca,workday,https://astrazeneca.wd3.myworkdayjobs.com/Careers,https://astrazeneca.wd3.myworkdayjobs.com/Careers,astrazeneca,1408,-1,0
DBS Group,workday,https://dbs.wd3.myworkdayjobs.com/Dbs_Careers,https://dbs.wd3.myworkdayjobs.com/Dbs_Careers,dbs,1401,-1,0
Magna International,workday,https://magna.wd3.myworkdayjobs.com/Magna,https://magna.wd3.myworkdayjobs.com/Magna,magna,1277,-1,0
Analog Devices,workday,https://analogdevices.wd1.myworkdayjobs.com/External,https://analogdevices.wd1.myworkdayjobs.com/External,analogdevices,980,-1,1
GSK,workday,https://gsk.wd5.myworkdayjobs.com/GskCareers,https://gsk.wd5.myworkdayjobs.com/GskCareers,gsk,763,-1,0
Cigna,workday,https://cigna.wd5.myworkdayjobs.com/CignaCareers,https://cigna.wd5.myworkdayjobs.com/CignaCareers,cigna,624,-1,0
RR Donnelley,smartrecruiters,rrdonnelley,https://careers.smartrecruiters.com/rrdonnelley,RR Donnelley,568,0,0
SIA Partners,smartrecruiters,sia,https://careers.smartrecruiters.com/sia,Sia,550,0,0
Prudential,workday,https://prudential.wd3.myworkdayjobs.com/Prudential,https://prudential.wd3.myworkdayjobs.com/Prudential,prudential,548,-1,0
AIG,workday,https://aig.wd1.myworkdayjobs.com/Aig,https://aig.wd1.myworkdayjobs.com/Aig,aig,500,-1,0
Louis Dreyfus Company,smartrecruiters,louisdreyfuscompany,https://careers.smartrecruiters.com/louisdreyfuscompany,Louis Dreyfus Company,428,0,0
Avery Dennison,smartrecruiters,averydennison,https://careers.smartrecruiters.com/averydennison,Avery Dennison,410,0,0
Frasers Group,smartrecruiters,frasersgroup,https://careers.smartrecruiters.com/frasersgroup,Frasers Group,392,0,0
Dyson,workday,https://dyson.wd3.myworkdayjobs.com/Dyson_Careers,https://dyson.wd3.myworkdayjobs.com/Dyson_Careers,dyson,376,-1,0
Agilent Technologies,workday,https://agilent.wd5.myworkdayjobs.com/Agilent_Careers,https://agilent.wd5.myworkdayjobs.com/Agilent_Careers,agilent,296,-1,0
Western Digital,smartrecruiters,westerndigital,https://careers.smartrecruiters.com/westerndigital,Western Digital,281,0,0
Arista Networks,smartrecruiters,aristanetworks,https://careers.smartrecruiters.com/aristanetworks,Arista Networks,249,2,0
SHI International,workday,https://shi.wd12.myworkdayjobs.com/ShiCareers,https://shi.wd12.myworkdayjobs.com/ShiCareers,shi,209,-1,0
Rio Tinto,workday,https://riotinto.wd3.myworkdayjobs.com/Riotinto_Careers,https://riotinto.wd3.myworkdayjobs.com/Riotinto_Careers,riotinto,193,-1,1
Julius Baer,workday,https://juliusbaer.wd3.myworkdayjobs.com/External,https://juliusbaer.wd3.myworkdayjobs.com/External,juliusbaer,172,-1,1
AirAsia,workday,https://airasia.wd3.myworkdayjobs.com/Careers,https://airasia.wd3.myworkdayjobs.com/Careers,airasia,155,-1,0
Rimini Street,workday,https://riministreet.wd1.myworkdayjobs.com/Riministreet,https://riministreet.wd1.myworkdayjobs.com/Riministreet,riministreet,132,-1,1
Zoetis,workday,https://zoetis.wd5.myworkdayjobs.com/Zoetis,https://zoetis.wd5.myworkdayjobs.com/Zoetis,zoetis,103,-1,0
Zoom,workday,https://zoom.wd5.myworkdayjobs.com/Zoom,https://zoom.wd5.myworkdayjobs.com/Zoom,zoom,97,-1,0
Diageo,workday,https://diageo.wd3.myworkdayjobs.com/Diageo_Careers,https://diageo.wd3.myworkdayjobs.com/Diageo_Careers,diageo,90,-1,0
Santen Pharmaceutical,smartrecruiters,santen,https://careers.smartrecruiters.com/santen,Santen,72,1,0
FMC Technologies,workday,https://fmc.wd12.myworkdayjobs.com/Fmc,https://fmc.wd12.myworkdayjobs.com/Fmc,fmc,70,-1,0
ACS,workday,https://acs.wd5.myworkdayjobs.com/AcsCareers,https://acs.wd5.myworkdayjobs.com/AcsCareers,acs,63,-1,0
Wilsonart,workday,https://wilsonart.wd5.myworkdayjobs.com/Wilsonart_Careers,https://wilsonart.wd5.myworkdayjobs.com/Wilsonart_Careers,wilsonart,62,-1,0
Delta Electronics,smartrecruiters,deltaelectronics,https://careers.smartrecruiters.com/deltaelectronics,Delta Electronics,58,0,0
TAL International,smartrecruiters,tal,https://careers.smartrecruiters.com/tal,TAL,48,0,0
Premier Research,workday,https://premierresearch.wd12.myworkdayjobs.com/Premierresearch,https://premierresearch.wd12.myworkdayjobs.com/Premierresearch,premierresearch,48,-1,1
Goodwin Procter,workday,https://goodwinprocter.wd5.myworkdayjobs.com/External_Careers,https://goodwinprocter.wd5.myworkdayjobs.com/External_Careers,goodwinprocter,44,-1,1
Global Blue,workday,https://globalblue.wd3.myworkdayjobs.com/External,https://globalblue.wd3.myworkdayjobs.com/External,globalblue,30,-1,1
Sphera,workday,https://sphera.wd1.myworkdayjobs.com/Careers,https://sphera.wd1.myworkdayjobs.com/Careers,sphera,30,-1,0
Together Group Studios,smartrecruiters,together,https://careers.smartrecruiters.com/together,Together,25,0,0
Compassion International,workday,https://compassion.wd5.myworkdayjobs.com/CompassionCareers,https://compassion.wd5.myworkdayjobs.com/CompassionCareers,compassion,24,-1,0
StemCell Technologies,workday,https://stemcell.wd3.myworkdayjobs.com/External_Careers,https://stemcell.wd3.myworkdayjobs.com/External_Careers,stemcell,22,-1,0
Dennemeyer Group,workday,https://dennemeyer.wd3.myworkdayjobs.com/Dennemeyer_Careers,https://dennemeyer.wd3.myworkdayjobs.com/Dennemeyer_Careers,dennemeyer,21,-1,0
Nu Skin,workday,https://nuskin.wd5.myworkdayjobs.com/Nuskin,https://nuskin.wd5.myworkdayjobs.com/Nuskin,nuskin,20,-1,1
Fenix Outdoor,smartrecruiters,fenix,https://careers.smartrecruiters.com/fenix,Fenix,20,0,0
Tyco International,smartrecruiters,tyco,https://careers.smartrecruiters.com/tyco,Tyco,12,0,0
Tyco Electronics,smartrecruiters,tyco,https://careers.smartrecruiters.com/tyco,Tyco,12,0,0
Palantir,smartrecruiters,palantir,https://careers.smartrecruiters.com/palantir,Palantir,10,1,0
Luxury Escapes,smartrecruiters,luxuryescapes,https://careers.smartrecruiters.com/luxuryescapes,Luxury Escapes,8,0,0
Microchip Technology,smartrecruiters,microchip,https://careers.smartrecruiters.com/microchip,Microchip,6,0,0
Robert Bosch,smartrecruiters,robertbosch,https://careers.smartrecruiters.com/robertbosch,Bosch Group,5,0,0
LVMH,smartrecruiters,lvmh,https://careers.smartrecruiters.com/lvmh,LVMH,4,0,0
TP ICAP,smartrecruiters,tpicap,https://careers.smartrecruiters.com/tpicap,TP ICAP,4,0,0
Brookfield Properties,smartrecruiters,brookfieldproperties,https://careers.smartrecruiters.com/brookfieldproperties,Brookfield Properties,4,0,0
Standard Biotools,workday,https://standardbiotools.wd5.myworkdayjobs.com/External,https://standardbiotools.wd5.myworkdayjobs.com/External,standardbiotools,3,-1,1
Visa,smartrecruiters,visa,https://careers.smartrecruiters.com/visa,Visa,2,0,0
Thales,smartrecruiters,thales,https://careers.smartrecruiters.com/thales,Thales,2,0,0
ByteDance,smartrecruiters,bytedance,https://careers.smartrecruiters.com/bytedance,bytedance,2,0,0
BLS International,smartrecruiters,blsinternational,https://careers.smartrecruiters.com/blsinternational,BLS International,1,0,0
Highpower Technology,smartrecruiters,highpower,https://careers.smartrecruiters.com/highpower,High Power,1,0,1
Shake Shack,smartrecruiters,shakeshack,https://careers.smartrecruiters.com/shakeshack,Shake Shack,1,0,0
