candidate_id,company_id,company_name,url,canonical_url,country,language,sources,source_details,final_url,redirect_chain,identity_score,recruitment_score,authority_score,scope_score,ats_vendor,ats_confidence,confidence_score,validation_status,rejection_reason,promoted
6d8d18c7-7994-5c0b-9673-ba357cd82bc2,da4ed5cf-7c0d-524e-8382-4c4dca809a8e,Google,https://google.com/jobs/students/smbservices,https://google.com/jobs/students/smbservices,,en,search,"[{""provider"": ""serper"", ""query"": ""\""Google\"" careers"", ""rank"": 7, ""snippet"": ""Find your next job at Google \u2014 Careers at Google. Search by location, role, skills, and more."", ""title"": ""Careers - Search Jobs"", ""url"": ""https://google.com/jobs/students/smbservices""}]",https://www.google.com/about/careers/applications/jobs/results/?src=Online/TOPs/EMEA%20SGA%20University&utm_source=EMEA%20SGA%20University&utm_medium=jobposting&utm_campaign=freeaggr#t=sq&q=j&d=%2522Global+Customer+Services%2522&li=10&jl=53.3498053%253A-6.260309699999993%253ADublin%252C+Ireland%253Anull%253Anull%2526&jl=51.1078852%253A17.03853760000004%253AWroclaw%252C+Poland%253Anull%253Anull%2526&jl=52.2296756%253A21.012228700000037%253AWarsaw%252C+Poland%253Anull%253Anull%2526&jl=50.06465009999999%253A19.94497990000002%253AKrakow%252C+Poland%253Anull%253Anull%2526&jex=PURSUING_DEGREE&j=%2522Global+Customer+Services%2522,"[""https://google.com/jobs/students/smbservices"", ""https://www.google.com/jobs/students/smbservices"", ""https://www.google.com/about/careers/search/?src=Online/TOPs/EMEA%20SGA%20University&utm_source=EMEA%20SGA%20University&utm_medium=jobposting&utm_campaign=freeaggr#t=sq&q=j&d=%2522Global+Customer+Services%2522&li=10&jl=53.3498053%253A-6.260309699999993%253ADublin%252C+Ireland%253Anull%253Anull%2526&jl=51.1078852%253A17.03853760000004%253AWroclaw%252C+Poland%253Anull%253Anull%2526&jl=52.2296756%253A21.012228700000037%253AWarsaw%252C+Poland%253Anull%253Anull%2526&jl=50.06465009999999%253A19.94497990000002%253AKrakow%252C+Poland%253Anull%253Anull%2526&jex=PURSUING_DEGREE&j=%2522Global+Customer+Services%2522"", ""https://careers.google.com/jobs/?src=Online/TOPs/EMEA%20SGA%20University&utm_source=EMEA%20SGA%20University&utm_medium=jobposting&utm_campaign=freeaggr#t=sq&q=j&d=%2522Global+Customer+Services%2522&li=10&jl=53.3498053%253A-6.260309699999993%253ADublin%252C+Ireland%253Anull%253Anull%2526&jl=51.1078852%253A17.03853760000004%253AWroclaw%252C+Poland%253Anull%253Anull%2526&jl=52.2296756%253A21.012228700000037%253AWarsaw%252C+Poland%253Anull%253Anull%2526&jl=50.06465009999999%253A19.94497990000002%253AKrakow%252C+Poland%253Anull%253Anull%2526&jex=PURSUING_DEGREE&j=%2522Global+Customer+Services%2522""]",1.0,1.0,1.0,1.0,custom,0.6,0.98,promoted,,True
46b6608a-05b8-57a3-8357-6efe36a7db3b,da4ed5cf-7c0d-524e-8382-4c4dca809a8e,Google,https://www.google.com/about/careers/applications/,https://www.google.com/about/careers/applications,,en,search,"[{""provider"": ""serper"", ""query"": ""\""Google\"" careers"", ""rank"": 1, ""snippet"": ""Join Google Careers and build what's next, today. Explore career opportunities in engineering, design, sales, hardware, and more. Make a global impact with ..."", ""title"": ""Search for your career at Google."", ""url"": ""https://www.google.com/about/careers/applications/""}, {""provider"": ""serper"", ""query"": ""site:google.com careers jobs"", ""rank"": 2, ""snippet"": ""Join Google Careers and build what's next, today. Explore career opportunities in engineering, design, sales, hardware, and more. Make a global impact with ..."", ""title"": ""Search for your career at Google."", ""url"": ""https://www.google.com/about/careers/applications/""}]",https://www.google.com/about/careers/applications/,[],1.0,1.0,1.0,1.0,unknown,0.0,0.95,promoted,,True
fb02e2fa-024f-52e2-a742-ca921763afb4,da4ed5cf-7c0d-524e-8382-4c4dca809a8e,Google,https://www.google.com/about/careers/applications/jobs/results,https://www.google.com/about/careers/applications/jobs/results,,en,search,"[{""provider"": ""serper"", ""query"": ""site:google.com careers jobs"", ""rank"": 1, ""snippet"": ""Find your next job at Google \u2014 Careers at Google. Search by location, role, skills, and more."", ""title"": ""Search Jobs \u2014 Google Careers"", ""url"": ""https://www.google.com/about/careers/applications/jobs/results""}]",https://www.google.com/about/careers/applications/jobs/results,[],1.0,1.0,1.0,1.0,unknown,0.0,0.95,promoted,,True
a98e4391-2050-506a-80e9-354275410500,da4ed5cf-7c0d-524e-8382-4c4dca809a8e,Google,https://www.google.com/about/careers/applications/jobs/sitemap.xml,https://www.google.com/about/careers/applications/jobs/sitemap.xml,,en,search,"[{""provider"": ""serper"", ""query"": ""site:google.com careers jobs"", ""rank"": 7, ""snippet"": ""... careers.google.com/jobs/results/96818331136205510-open-career-opportunities ... careers.google.com/jobs/results/88815398314484422-open-career ..."", ""title"": ""https://www.google.com/about/careers/applications/jobs/ ..."", ""url"": ""https://www.google.com/about/careers/applications/jobs/sitemap.xml""}]",https://www.google.com/about/careers/applications/jobs/sitemap.xml,[],1.0,1.0,1.0,1.0,unknown,0.0,0.95,promoted,,True
b82de173-3f05-5491-b9c4-efc487e5d993,da4ed5cf-7c0d-524e-8382-4c4dca809a8e,Google,https://careers.google.com/jobs/results/126077009359971014-global-product-lead/,https://careers.google.com/jobs/results/126077009359971014-global-product-lead,,en,search,"[{""provider"": ""serper"", ""query"": ""site:google.com careers jobs"", ""rank"": 9, ""snippet"": ""Job not found. This job may have been taken down. Search again. Follow Life at Google on. More about us. About usopen_in_newContact usopen_in_newPress ..."", ""title"": ""Jobs search"", ""url"": ""https://careers.google.com/jobs/results/126077009359971014-global-product-lead/""}]",https://www.google.com/about/careers/applications/jobs/results/126077009359971014-global-product-lead/,"[""https://careers.google.com/jobs/results/126077009359971014-global-product-lead/""]",1.0,1.0,1.0,1.0,unknown,0.0,0.95,promoted,,True
f8a9ec9b-7b25-56ea-8e94-31f672d94763,da4ed5cf-7c0d-524e-8382-4c4dca809a8e,Google,https://careers.google.com/jobs/results/123587190075597510-business-intelligence-developer/,https://careers.google.com/jobs/results/123587190075597510-business-intelligence-developer,,en,search,"[{""provider"": ""serper"", ""query"": ""site:google.com careers jobs"", ""rank"": 10, ""snippet"": ""Benefits for this role include: Health, dental, vision, life, disability insurance; Retirement Benefits: 401(k) with company match; Paid Time Off: 20 days ..."", ""title"": ""Business Intelligence Developer, Cloud Finance"", ""url"": ""https://careers.google.com/jobs/results/123587190075597510-business-intelligence-developer/""}]",https://www.google.com/about/careers/applications/jobs/results/123587190075597510-business-intelligence-developer/,"[""https://careers.google.com/jobs/results/123587190075597510-business-intelligence-developer/""]",1.0,1.0,1.0,1.0,unknown,0.0,0.95,promoted,,True
077c9dcd-9ce0-5e8a-bbb4-b795dd49adee,da4ed5cf-7c0d-524e-8382-4c4dca809a8e,Google,https://support.google.com/googlecareers/answer/9018529?hl=en,https://support.google.com/googlecareers/answer/9018529?hl=en,,en,search,"[{""provider"": ""serper"", ""query"": ""\""Google\"" careers"", ""rank"": 3, ""snippet"": ""Visit careers.google.com/jobs. Answer a few questions to help filter the best job matches. Note: You can skip directly to a list of jobs from any question."", ""title"": ""Search for jobs - Google Careers Help"", ""url"": ""https://support.google.com/googlecareers/answer/9018529?hl=en""}, {""provider"": ""serper"", ""query"": ""site:google.com careers jobs"", ""rank"": 8, ""snippet"": ""Visit careers.google.com/jobs. Answer a few questions to help filter the best job matches. Note: You can skip directly to a list of jobs from any question."", ""title"": ""Search for jobs - Google Careers Help"", ""url"": ""https://support.google.com/googlecareers/answer/9018529?hl=en""}]",https://support.google.com/googlecareers/answer/9018529?hl=en,[],1.0,1.0,0.35,1.0,unknown,0.0,0.7875,validated,,False
ef4ac1bf-4d2a-5e31-98c2-7975204e76bc,da4ed5cf-7c0d-524e-8382-4c4dca809a8e,Google,https://fiber.google.com/careers/,https://fiber.google.com/careers,,en,search,"[{""provider"": ""serper"", ""query"": ""\""Google\"" careers"", ""rank"": 6, ""snippet"": ""All open roles ... Find community in your coworkers. Our employee resource groups bring together voices from all across Google Fiber to empower every employee ..."", ""title"": ""Find Available Network Operations & Sales Jobs at GFiber"", ""url"": ""https://fiber.google.com/careers/""}, {""provider"": ""serper"", ""query"": ""site:google.com careers jobs"", ""rank"": 4, ""snippet"": ""Explore Network Operations, Sales, and Technician roles at GFiber. Build your career delivering fast, reliable broadband."", ""title"": ""Find Available Network Operations & Sales Jobs at GFiber"", ""url"": ""https://fiber.google.com/careers/""}]",https://fiber.google.com/careers/,[],1.0,1.0,0.35,1.0,unknown,0.0,0.7875,validated,,False
c74b05be-f5d8-520e-b1d2-fbefb59a47a6,da4ed5cf-7c0d-524e-8382-4c4dca809a8e,Google,https://www.google.com/about/datacenters/life/,https://www.google.com/about/datacenters/life,,en,search,"[{""provider"": ""serper"", ""query"": ""site:google.com careers jobs"", ""rank"": 5, ""snippet"": ""Want to join our team? Discover different careers below, and search our open roles for the position that fits you."", ""title"": ""Data Center Careers"", ""url"": ""https://www.google.com/about/datacenters/life/""}]",https://datacenters.google/careers/,"[""https://www.google.com/about/datacenters/life/""]",1.0,1.0,0.35,1.0,unknown,0.0,0.7875,validated,,False
a4a46996-2556-5cc9-9577-6133cb8d3d39,da4ed5cf-7c0d-524e-8382-4c4dca809a8e,Google,https://sites.google.com/cv.k12.ca.us/cvhs-college-career-center/career-job,https://sites.google.com/cv.k12.ca.us/cvhs-college-career-center/career-job,,en,search,"[{""provider"": ""serper"", ""query"": ""site:google.com careers jobs"", ""rank"": 6, ""snippet"": ""The College and Career Center has a job postings binder. Students are able to come take a look at who is offering jobs for teens. www.indeed.com"", ""title"": ""CVHS College & Career Center - Careers, Jobs, & More"", ""url"": ""https://sites.google.com/cv.k12.ca.us/cvhs-college-career-center/career-job""}]",https://sites.google.com/cv.k12.ca.us/cvhs-college-career-center/career-job,[],1.0,1.0,0.35,1.0,unknown,0.0,0.7875,validated,,False
49b1c3d5-a1b2-5b0a-a656-d10d9a4b161b,da4ed5cf-7c0d-524e-8382-4c4dca809a8e,Google,https://careers.google.com/stories/applying-to-google/,https://careers.google.com/stories/applying-to-google,,en,search,"[{""provider"": ""serper"", ""query"": ""\""Google\"" careers"", ""rank"": 2, ""snippet"": ""JavaScript must be enabled in order for you to use Google Careers. However, it seems JavaScript is either disabled or not supported by your browser. To view ..."", ""title"": ""Build for Everyone - Google Careers"", ""url"": ""https://careers.google.com/stories/applying-to-google/""}]",https://careers.google.com/stories/applying-to-google/,[],1.0,0.6666666666666666,0.35,1.0,unknown,0.0,0.7042,validated,,False
c31f1d7f-654c-520f-b8c5-ae181ee846b7,da4ed5cf-7c0d-524e-8382-4c4dca809a8e,Google,https://careersonair.withgoogle.com/,https://careersonair.withgoogle.com/,,en,search,"[{""provider"": ""serper"", ""query"": ""\""Google\"" careers"", ""rank"": 5, ""snippet"": ""Whether you're preparing for your first internship or pivoting to your next opportunity, Google Careers OnAir will help you connect, learn, and grow."", ""title"": ""Google Careers"", ""url"": ""https://careersonair.withgoogle.com/""}]",https://careersonair.withgoogle.com/,[],1.0,0.6666666666666666,0.35,1.0,unknown,0.0,0.7042,validated,,False
3d10f603-32c2-5ed6-8af1-42f3f9e416fe,da4ed5cf-7c0d-524e-8382-4c4dca809a8e,Google,https://careers.google.com/locations/boulder/?embed=true,https://careers.google.com/locations/boulder?embed=true,,en,search,"[{""provider"": ""serper"", ""query"": ""site:google.com careers jobs"", ""rank"": 3, ""snippet"": ""Build for Everyone - Google Careers JavaScript must be enabled in order for you to use Google Careers. To view the site, please enable"", ""title"": ""Build for Everyone - Google Careers"", ""url"": ""https://careers.google.com/locations/boulder/?embed=true""}]",https://careers.google.com/locations/boulder/?embed=true,[],1.0,0.6666666666666666,0.35,1.0,unknown,0.0,0.7042,validated,,False
9fc2ccb2-ab4e-53c9-85c7-3fb3f1b0a67b,305c00ae-0a5b-548f-86df-e0c29a66c632,Tencent,https://www.tencent.com/en-us/employees.html,https://www.tencent.com/en-us/employees.html,,en,search,"[{""provider"": ""serper"", ""query"": ""\""Tencent\"" careers"", ""rank"": 7, ""snippet"": ""Employees are Tencent's most valuable asset. We place great importance on staff training and development, offering opportunities for our staff to grow ..."", ""title"": ""Employees - Tencent \u817e\u8baf"", ""url"": ""https://www.tencent.com/en-us/employees.html""}]",https://www.tencent.com/en-us/employees.html,[],1.0,1.0,1.0,1.0,unknown,0.0,0.95,promoted,,True
1cdcd427-9cc8-5798-8098-3f8d336c5436,305c00ae-0a5b-548f-86df-e0c29a66c632,Tencent,https://careers.tencent.com/en-us/home.html,https://careers.tencent.com/en-us/home.html,,en,search,"[{""provider"": ""serper"", ""query"": ""\""Tencent\"" careers"", ""rank"": 1, ""snippet"": ""At Tencent you will have a challenging work environment that offers a comprehensive training and promotion system with flexible internal transfer opportunities."", ""title"": ""Home | Tencent Careers"", ""url"": ""https://careers.tencent.com/en-us/home.html""}, {""provider"": ""serper"", ""query"": ""site:tencent.com careers jobs"", ""rank"": 1, ""snippet"": ""At Tencent you will have a challenging work environment that offers a comprehensive training and promotion system with flexible internal transfer opportunities."", ""title"": ""Home | Tencent Careers"", ""url"": ""https://careers.tencent.com/en-us/home.html""}]",https://careers.tencent.com/en-us/home.html,[],1.0,0.6666666666666666,0.35,1.0,unknown,0.0,0.7042,validated,,False
6190060d-0a0b-5dbd-a841-261be3ddd855,305c00ae-0a5b-548f-86df-e0c29a66c632,Tencent,https://www.instagram.com/tencentcareers/?hl=en,https://www.instagram.com/tencentcareers?hl=en,,en,search,"[{""provider"": ""serper"", ""query"": ""\""Tencent\"" careers"", ""rank"": 6, ""snippet"": ""Explore careers at Tencent: https://careers.tencent.com/en-us/home.html \u2728 Sound on! Feel the energy. #TencentLife #Tencentcareers #Expandyourhorizons ..."", ""title"": ""tencentcareers"", ""url"": ""https://www.instagram.com/tencentcareers/?hl=en""}]",https://www.instagram.com/tencentcareers/?hl=en,[],1.0,0.6666666666666666,0.35,1.0,unknown,0.0,0.7042,validated,,False
43711d72-45d4-5bfb-84f9-666bc8a24093,305c00ae-0a5b-548f-86df-e0c29a66c632,Tencent,https://careers.tencent.com/en-us/jobopportunity.html,https://careers.tencent.com/en-us/jobopportunity.html,,en,search,"[{""provider"": ""serper"", ""query"": ""site:tencent.com careers jobs"", ""rank"": 2, ""snippet"": ""Technology. Find jobs \u00b7 Product. Find jobs \u00b7 Content. Find jobs \u00b7 Design & Art. Find jobs \u00b7 Sales,Service & Support. Find jobs \u00b7 Human Resources. Find jobs."", ""title"": ""Jobs | Tencent Careers"", ""url"": ""https://careers.tencent.com/en-us/jobopportunity.html""}]",https://careers.tencent.com/en-us/jobopportunity.html,[],1.0,0.6666666666666666,0.35,1.0,unknown,0.0,0.7042,validated,,False
f094f608-09a5-5be4-b2cf-a4873685e499,305c00ae-0a5b-548f-86df-e0c29a66c632,Tencent,https://careers.tencent.com/en-us/jobdesc.html?postId=1265551445499846656,https://careers.tencent.com/en-us/jobdesc.html?postId=1265551445499846656,,en,search,"[{""provider"": ""serper"", ""query"": ""site:tencent.com careers jobs"", ""rank"": 4, ""snippet"": ""Job details | Tencent Careers. Click to learn more Responsibilities Requirements APPLY NOW. Charity Customer Service Legal Information Service"", ""title"": ""Job details"", ""url"": ""https://careers.tencent.com/en-us/jobdesc.html?postId=1265551445499846656""}]",https://careers.tencent.com/en-us/jobdesc.html?postId=1265551445499846656,[],1.0,0.6666666666666666,0.35,1.0,unknown,0.0,0.7042,validated,,False
3a7b640c-bc7e-592a-9261-cfdfd9b37e51,305c00ae-0a5b-548f-86df-e0c29a66c632,Tencent,https://careers.tencent.com/en-us/cityinfo.html?city=202,https://careers.tencent.com/en-us/cityinfo.html?city=202,,en,search,"[{""provider"": ""serper"", ""query"": ""site:tencent.com careers jobs"", ""rank"": 7, ""snippet"": ""View Jobs. Swipe right for more. Sorry, we do not have any open jobs at this time. Please explore our website for more job opportunities."", ""title"": ""Locations | Tencent Careers"", ""url"": ""https://careers.tencent.com/en-us/cityinfo.html?city=202""}]",https://careers.tencent.com/en-us/cityinfo.html?city=202,[],1.0,0.6666666666666666,0.35,1.0,unknown,0.0,0.7042,validated,,False
12e3fd38-28a9-55f5-af56-d6a2663cdaec,305c00ae-0a5b-548f-86df-e0c29a66c632,Tencent,https://careers.tencent.com/en-us/search.html?keyword=Tecent%20Media%20Lab,https://careers.tencent.com/en-us/search.html?keyword=Tecent+Media+Lab,,en,search,"[{""provider"": ""serper"", ""query"": ""site:tencent.com careers jobs"", ""rank"": 9, ""snippet"": ""Cloud Media Services Intern 106872 Palo Alto. CSIG ; Tencent Youtu Lab Research Intern - Multimodal Large Language Models (2026 Project UP) 106722 Singapore."", ""title"": ""Search | Tencent Careers"", ""url"": ""https://careers.tencent.com/en-us/search.html?keyword=Tecent%20Media%20Lab""}]",https://careers.tencent.com/en-us/search.html?keyword=Tecent%20Media%20Lab,[],1.0,0.6666666666666666,0.35,1.0,unknown,0.0,0.7042,validated,,False
19413082-d7c2-5313-aa80-d1098123984e,305c00ae-0a5b-548f-86df-e0c29a66c632,Tencent,https://careers.tencent.com/m/en-us/login.html?state=https%3A%2F%2Fcareers.tencent.com%2Fen-us%2Fresume.html%3FoperType%3D3%26postId%3D1217499564139876352%26postName%3D30933-%25E5%25AE%259D%25E5%258F%25AF%25E6%25A2%25A6%25E5%25B9%25B3%25E5%258F%25B0%25E8%25BF%2590%25E8%2590%25A5%25EF%25BC%2588%25E6%25B7%25B1%25E5%259C%25B3%25EF%25BC%2589,https://careers.tencent.com/m/en-us/login.html?state=https%3A%2F%2Fcareers.tencent.com%2Fen-us%2Fresume.html%3FoperType%3D3%26postId%3D1217499564139876352%26postName%3D30933-%25E5%25AE%259D%25E5%258F%25AF%25E6%25A2%25A6%25E5%25B9%25B3%25E5%258F%25B0%25E8%25BF%2590%25E8%2590%25A5%25EF%25BC%2588%25E6%25B7%25B1%25E5%259C%25B3%25EF%25BC%2589,,en,search,"[{""provider"": ""serper"", ""query"": ""site:tencent.com careers jobs"", ""rank"": 10, ""snippet"": ""Experienced; Students; Life at Tencent; Products & Services; Locations; Blog. Hi,; My profile; Saved jobs; My application; Give Feedback; Logout."", ""title"": ""Log in | Tencent Careers"", ""url"": ""https://careers.tencent.com/m/en-us/login.html?state=https%3A%2F%2Fcareers.tencent.com%2Fen-us%2Fresume.html%3FoperType%3D3%26postId%3D1217499564139876352%26postName%3D30933-%25E5%25AE%259D%25E5%258F%25AF%25E6%25A2%25A6%25E5%25B9%25B3%25E5%258F%25B0%25E8%25BF%2590%25E8%2590%25A5%25EF%25BC%2588%25E6%25B7%25B1%25E5%259C%25B3%25EF%25BC%2589""}]",https://careers.tencent.com/en-us/login.html?state=https%3A%2F%2Fcareers.tencent.com%2Fen-us%2Fresume.html%3FoperType%3D3%26postId%3D1217499564139876352%26postName%3D30933-%25E5%25AE%259D%25E5%258F%25AF%25E6%25A2%25A6%25E5%25B9%25B3%25E5%258F%25B0%25E8%25BF%2590%25E8%2590%25A5%25EF%25BC%2588%25E6%25B7%25B1%25E5%259C%25B3%25EF%25BC%2589,"[""https://careers.tencent.com/m/en-us/login.html?state=https%3A%2F%2Fcareers.tencent.com%2Fen-us%2Fresume.html%3FoperType%3D3%26postId%3D1217499564139876352%26postName%3D30933-%25E5%25AE%259D%25E5%258F%25AF%25E6%25A2%25A6%25E5%25B9%25B3%25E5%258F%25B0%25E8%25BF%2590%25E8%2590%25A5%25EF%25BC%2588%25E6%25B7%25B1%25E5%259C%25B3%25EF%25BC%2589""]",1.0,0.6666666666666666,0.35,1.0,unknown,0.0,0.7042,validated,,False
8ca72376-9f34-56bb-a7d7-5845ea055f33,305c00ae-0a5b-548f-86df-e0c29a66c632,Tencent,https://tencent.wd1.myworkdayjobs.com/Tencent_Careers,https://tencent.wd1.myworkdayjobs.com/Tencent_Careers,,en,search,"[{""provider"": ""serper"", ""query"": ""\""Tencent\"" careers"", ""rank"": 2, ""snippet"": ""Tencent is a world-leading internet and technology company that develops innovative products and services to improve the quality of life for ..."", ""title"": ""Careers - Myworkdayjobs.com"", ""url"": ""https://tencent.wd1.myworkdayjobs.com/Tencent_Careers""}]",https://tencent.wd1.myworkdayjobs.com/Tencent_Careers,[],1.0,0.0,0.35,1.0,workday,0.82,0.5785,rejected,no_recruitment_evidence,False
ed7b6822-d32e-5043-b338-20edbca08af5,305c00ae-0a5b-548f-86df-e0c29a66c632,Tencent,https://careers.tencent.com/jobdesc.html?postId=2031510438323318784,https://careers.tencent.com/jobdesc.html?postId=2031510438323318784,,en,search,"[{""provider"": ""serper"", ""query"": ""site:tencent.com careers jobs"", ""rank"": 3, ""snippet"": ""Conduct research on RL algorithms for multimodal models, including diffusion models for image, video, and 3D generation,"", ""title"": ""Hunyuan Multimodal Reinforcement Learning Research Intern"", ""url"": ""https://careers.tencent.com/jobdesc.html?postId=2031510438323318784""}]",https://careers.tencent.com/jobdesc.html?postId=2031510438323318784,[],0.0,0.0,0.35,1.0,unknown,0.0,0.1875,rejected,identity_conflict,False
c2525aa4-0933-5e6b-931e-ab023ef092ff,305c00ae-0a5b-548f-86df-e0c29a66c632,Tencent,https://careers.tencent.com/jobdesc.html?postId=2075480219761946624,https://careers.tencent.com/jobdesc.html?postId=2075480219761946624,,en,search,"[{""provider"": ""serper"", ""query"": ""site:tencent.com careers jobs"", ""rank"": 5, ""snippet"": ""Prior internship or work experience in the tech or internet industry is preferred. Fluency in English and Mandarin to collaborate effectively ..."", ""title"": ""Data Science Intern (Safety Strategies) - Myworkdayjobs.com"", ""url"": ""https://careers.tencent.com/jobdesc.html?postId=2075480219761946624""}]",https://careers.tencent.com/jobdesc.html?postId=2075480219761946624,[],0.0,0.0,0.35,1.0,unknown,0.0,0.1875,rejected,identity_conflict,False
6e950008-7161-5680-b4fa-69dda69d8ec5,305c00ae-0a5b-548f-86df-e0c29a66c632,Tencent,https://careers.tencent.com/jobdesc.html?postId=2049161768453980160,https://careers.tencent.com/jobdesc.html?postId=2049161768453980160,,en,search,"[{""provider"": ""serper"", ""query"": ""site:tencent.com careers jobs"", ""rank"": 6, ""snippet"": ""Programming: Proficient in Python or Shell scripting; understanding of SQL and database operations. AI Interest: Passionate about AIOps and automated operations ..."", ""title"": ""Game Site Reliability Engineer Intern - Myworkdayjobs.com"", ""url"": ""https://careers.tencent.com/jobdesc.html?postId=2049161768453980160""}]",https://careers.tencent.com/jobdesc.html?postId=2049161768453980160,[],0.0,0.0,0.35,1.0,unknown,0.0,0.1875,rejected,identity_conflict,False
0b0040c8-44ed-5b83-b6cb-b946d743fadd,305c00ae-0a5b-548f-86df-e0c29a66c632,Tencent,https://careers.tencent.com/m/jobdesc.html?postId=1901715176357441536,https://careers.tencent.com/m/jobdesc.html?postId=1901715176357441536,,en,search,"[{""provider"": ""serper"", ""query"": ""site:tencent.com careers jobs"", ""rank"": 8, ""snippet"": ""Over 5 years of research and work experience in the NLP field, with a background in computer science or related disciplines. up to 13 days of holidays"", ""title"": ""Senior Researcher - Myworkdayjobs.com"", ""url"": ""https://careers.tencent.com/m/jobdesc.html?postId=1901715176357441536""}]",https://careers.tencent.com/jobdesc.html?postId=1901715176357441536,"[""https://careers.tencent.com/m/jobdesc.html?postId=1901715176357441536""]",0.0,0.0,0.35,1.0,unknown,0.0,0.1875,rejected,identity_conflict,False
db8bb551-25fb-5510-b968-520faee795a9,fe535167-0fca-5526-844b-0b6c1f41bfd5,McDonald's,https://www.mcdonalds.com/us/en-us/faq/employment.html,https://www.mcdonalds.com/us/en-us/faq/employment.html,,en,search,"[{""provider"": ""serper"", ""query"": ""\""McDonald's\"" careers"", ""rank"": 4, ""snippet"": ""To apply for a job at McDonald's visit the McDonald's Careers website. Navigate to Restaurant Jobs or Corporate Jobs to find available McDonald's job listings ..."", ""title"": ""McDonald's Employment FAQ"", ""url"": ""https://www.mcdonalds.com/us/en-us/faq/employment.html""}, {""provider"": ""serper"", ""query"": ""site:mcdonalds.com careers jobs"", ""rank"": 7, ""snippet"": ""To apply for a job at McDonald's visit the McDonald's Careers website. Navigate to Restaurant Jobs or Corporate Jobs to find available McDonald's job listings ..."", ""title"": ""McDonald's Employment FAQ"", ""url"": ""https://www.mcdonalds.com/us/en-us/faq/employment.html""}]",https://www.mcdonalds.com/us/en-us/faq/employment.html,[],1.0,1.0,1.0,1.0,unknown,0.0,0.95,promoted,,True
27d0a164-f003-517c-a108-c58083cec682,fe535167-0fca-5526-844b-0b6c1f41bfd5,McDonald's,https://www.mcdonalds.com/ie/en-ie/careers.html,https://www.mcdonalds.com/ie/en-ie/careers.html,,en,search,"[{""provider"": ""serper"", ""query"": ""site:mcdonalds.com careers jobs"", ""rank"": 5, ""snippet"": ""Take a look around to discover what McDonald's could do for you. At McDonald's, we're proud to employ great people who are passionate about their jobs."", ""title"": ""Careers | McDonald's Ireland"", ""url"": ""https://www.mcdonalds.com/ie/en-ie/careers.html""}]",https://www.mcdonalds.com/ie/en-ie/careers.html,[],1.0,1.0,1.0,1.0,unknown,0.0,0.95,promoted,,True
d9de7b81-81d6-5688-9f5c-1d28ef13cdcf,fe535167-0fca-5526-844b-0b6c1f41bfd5,McDonald's,https://www.mcdonalds.com/us/en-us/faq/how-do-i-apply-for-employment-at-mcdonalds.html,https://www.mcdonalds.com/us/en-us/faq/how-do-i-apply-for-employment-at-mcdonalds.html,,en,search,"[{""provider"": ""serper"", ""query"": ""site:mcdonalds.com careers jobs"", ""rank"": 9, ""snippet"": ""To apply for a job at McDonald's visit the McDonalds Careers website. Navigate to Restaurant Jobs or Corporate Jobs to find available McDonald's job ..."", ""title"": ""How do I apply for employment at McDonalds?"", ""url"": ""https://www.mcdonalds.com/us/en-us/faq/how-do-i-apply-for-employment-at-mcdonalds.html""}]",https://www.mcdonalds.com/us/en-us/faq/how-do-i-apply-for-employment-at-mcdonalds.html,[],1.0,1.0,1.0,1.0,unknown,0.0,0.95,promoted,,True
239a4b5c-7719-58f7-a15d-ae7f148d8af4,fe535167-0fca-5526-844b-0b6c1f41bfd5,McDonald's,https://careers.mcdonalds.com/corporate-careers,https://careers.mcdonalds.com/corporate-careers,,en,search,"[{""provider"": ""serper"", ""query"": ""site:mcdonalds.com careers jobs"", ""rank"": 2, ""snippet"": ""No matter where you are in your career, we have a path for you. Search our current opportunities and apply today."", ""title"": ""Corporate Careers at McDonald's"", ""url"": ""https://careers.mcdonalds.com/corporate-careers""}]",https://careers.mcdonalds.com/corporate-careers,[],1.0,1.0,0.35,1.0,sap_successfactors,0.88,0.8315,validated,,False
d789c825-e821-5026-bec0-34342498edc9,fe535167-0fca-5526-844b-0b6c1f41bfd5,McDonald's,https://careers.mcdonalds.com/jobs,https://careers.mcdonalds.com/jobs,,en,search,"[{""provider"": ""serper"", ""query"": ""site:mcdonalds.com careers jobs"", ""rank"": 4, ""snippet"": ""Build a career you can thrive in with McDonald's Restaurants! We offer outstanding work perks, ongoing learning and development and more."", ""title"": ""Explore global corporate careers at McDonald's."", ""url"": ""https://careers.mcdonalds.com/jobs""}]",https://careers.mcdonalds.com/jobs,[],1.0,1.0,0.35,1.0,custom,0.65,0.82,validated,,False
2c774f6c-4455-5418-829d-c46c7405a2cd,fe535167-0fca-5526-844b-0b6c1f41bfd5,McDonald's,https://www.mcdonalds.com/nz/en-nz/careers.html,https://www.mcdonalds.com/nz/en-nz/careers.html,,en,search,"[{""provider"": ""serper"", ""query"": ""site:mcdonalds.com careers jobs"", ""rank"": 8, ""snippet"": ""We create jobs that work for you. Maccas\u00ae is always looking for motivated, passionate people who prioritize health and safety as much as we do."", ""title"": ""Careers Home"", ""url"": ""https://www.mcdonalds.com/nz/en-nz/careers.html""}]",https://careers.mcdonalds.co.nz/,"[""https://www.mcdonalds.com/nz/en-nz/careers.html""]",1.0,1.0,0.35,1.0,custom,0.65,0.82,validated,,False
a861704b-be46-5169-a53e-aa7077623270,fe535167-0fca-5526-844b-0b6c1f41bfd5,McDonald's,https://jobs.mchire.com/,https://jobs.mchire.com/,,en,search,"[{""provider"": ""serper"", ""query"": ""\""McDonald's\"" careers"", ""rank"": 2, ""snippet"": ""McDonald's restaurant jobs are one-of-a-kind \u2013 just like you. Restaurants are hiring across all levels, from Crew team to Management. Apply today!"", ""title"": ""McDonald's Restaurant Careers in the US"", ""url"": ""https://jobs.mchire.com/""}]",https://jobs.mchire.com/,[],1.0,1.0,0.35,1.0,custom,0.6,0.8175,validated,,False
ef54c555-67ec-536c-8b8f-a8f718e1c54b,fe535167-0fca-5526-844b-0b6c1f41bfd5,McDonald's,https://www.mcdonaldshoustonjobs.com/,https://www.mcdonaldshoustonjobs.com/,,en,search,"[{""provider"": ""serper"", ""query"": ""\""McDonald's\"" careers"", ""rank"": 3, ""snippet"": ""We're hiring in Greater Houston and surrounding areas! \u00b7 A McDonald's job offers flexible schedules, training, and real opportunities to grow\u2014no matter where you ..."", ""title"": ""McDonald's Houston Jobs"", ""url"": ""https://www.mcdonaldshoustonjobs.com/""}]",https://www.mcdonaldshoustonjobs.com/,[],1.0,1.0,0.35,1.0,custom,0.6,0.8175,validated,,False
a1ef0fca-309f-5712-9503-800b1fa64120,fe535167-0fca-5526-844b-0b6c1f41bfd5,McDonald's,https://careers.mcdonalds.com/mcdonald-s-in-india,https://careers.mcdonalds.com/mcdonald-s-in-india,,en,search,"[{""provider"": ""serper"", ""query"": ""site:mcdonalds.com careers jobs"", ""rank"": 6, ""snippet"": ""Our India global office is actively seeking talented individuals. We offer diverse career paths suitable for every stage of your professional journey."", ""title"": ""McDonald's Global Office in India"", ""url"": ""https://careers.mcdonalds.com/mcdonald-s-in-india""}]",https://careers.mcdonalds.com/mcdonald-s-in-india,[],1.0,1.0,0.35,1.0,custom,0.6,0.8175,validated,,False
3933527d-0ce9-544c-a5d7-ee9e1a70d708,fe535167-0fca-5526-844b-0b6c1f41bfd5,McDonald's,https://careers.mcdonalds.com/mcdonald-s-in-mexico,https://careers.mcdonalds.com/mcdonald-s-in-mexico,,en,search,"[{""provider"": ""serper"", ""query"": ""site:mcdonalds.com careers jobs"", ""rank"": 10, ""snippet"": ""The McDonald's Global Office in Mexico offers opportunities across various corporate functions including technology, human resources, learning and development, ..."", ""title"": ""McDonald's Global Office in Mexico"", ""url"": ""https://careers.mcdonalds.com/mcdonald-s-in-mexico""}]",https://careers.mcdonalds.com/mcdonald-s-in-mexico,[],1.0,1.0,0.35,1.0,custom,0.6,0.8175,validated,,False
19205796-c0e5-5300-88c3-8127b20ae3a0,fe535167-0fca-5526-844b-0b6c1f41bfd5,McDonald's,https://corporate.mcdonalds.com/corpmcd/our-stories/article/mcdonalds-first-job-skills-exchange-for-free-meals.html,https://corporate.mcdonalds.com/corpmcd/our-stories/article/mcdonalds-first-job-skills-exchange-for-free-meals.html,,en,search,"[{""provider"": ""serper"", ""query"": ""site:mcdonalds.com careers jobs"", ""rank"": 3, ""snippet"": ""TV personality Olandria Carthen helps put America's first jobs center stage with McDonald's First Job Confessional."", ""title"": ""McDonald's is Asking Fans to Get Real About Their First ..."", ""url"": ""https://corporate.mcdonalds.com/corpmcd/our-stories/article/mcdonalds-first-job-skills-exchange-for-free-meals.html""}]",https://corporate.mcdonalds.com/corpmcd/our-stories/article/mcdonalds-first-job-skills-exchange-for-free-meals.html,[],1.0,1.0,0.35,1.0,unknown,0.0,0.7875,validated,,False
a78d496b-6286-5a4d-b9f8-7131b6b0e6ae,fe535167-0fca-5526-844b-0b6c1f41bfd5,McDonald's,https://careers.mcdonalds.com/,https://careers.mcdonalds.com/,,en,search,"[{""provider"": ""serper"", ""query"": ""\""McDonald's\"" careers"", ""rank"": 1, ""snippet"": ""McDonald's Corporation and McDonald's USA, LLC (the \u201cCompany\u201d) are committed ... For information about open opportunities or to apply for a role, please visit our ..."", ""title"": ""McDonald's Restaurant Global Careers"", ""url"": ""https://careers.mcdonalds.com/""}, {""provider"": ""serper"", ""query"": ""site:mcdonalds.com careers jobs"", ""rank"": 1, ""snippet"": ""Build a rewarding career in our restaurants or in one of our global corporate offices. Search open jobs and apply today!"", ""title"": ""McDonald's Restaurant Global Careers"", ""url"": ""https://careers.mcdonalds.com/""}]",https://careers.mcdonalds.com/,[],0.0,0.0,0.0,0.0,unknown,0.0,0.0,rejected,http_403,False
22cf2650-4fbb-5f2e-aa71-724100399131,b9793ae9-d138-560d-b795-9c405fe240ca,Xiaomi,https://www.mi.com/in/promotion/2025/careers-page/?srsltid=AfmBOoo4yhbE-kvp4DxHyfamxDeyteUwuZ2c4eFLQ4_Gu0kcMiq8QStp,https://www.mi.com/in/promotion/2025/careers-page?srsltid=AfmBOoo4yhbE-kvp4DxHyfamxDeyteUwuZ2c4eFLQ4_Gu0kcMiq8QStp,,en,search,"[{""provider"": ""serper"", ""query"": ""\""Xiaomi\"" careers"", ""rank"": 7, ""snippet"": ""We believe great work deserves great reward - no asterisks, no exceptions. Everyone at Xiaomi is paid equitably, regardless of role, title, or background."", ""title"": ""Careers Page | Xiaomi India | | All Specs, Features"", ""url"": ""https://www.mi.com/in/promotion/2025/careers-page/?srsltid=AfmBOoo4yhbE-kvp4DxHyfamxDeyteUwuZ2c4eFLQ4_Gu0kcMiq8QStp""}]",https://www.mi.com/in/promotion/2025/careers-page/?srsltid=AfmBOoo4yhbE-kvp4DxHyfamxDeyteUwuZ2c4eFLQ4_Gu0kcMiq8QStp,[],1.0,1.0,1.0,1.0,unknown,0.0,0.95,promoted,,True
cdb839dc-02d0-50cb-8441-018f60153907,b9793ae9-d138-560d-b795-9c405fe240ca,Xiaomi,https://www.mi.com/in/promotion/2025/careers-page/?srsltid=AfmBOoo71lcOo4wFGdX9f86_N-tdcKJtXodVL3Zf-gModk_nHFCtKAyt,https://www.mi.com/in/promotion/2025/careers-page?srsltid=AfmBOoo71lcOo4wFGdX9f86_N-tdcKJtXodVL3Zf-gModk_nHFCtKAyt,,en,search,"[{""provider"": ""serper"", ""query"": ""site:mi.com careers jobs"", ""rank"": 6, ""snippet"": ""At Xiaomi India, you're not just joining a tech company \u2014 you're joining a movement. Through our Human \u00d7 Car \u00d7 Home ecosystem, we're building technology ..."", ""title"": ""Careers Page | Xiaomi India | | All Specs, Features"", ""url"": ""https://www.mi.com/in/promotion/2025/careers-page/?srsltid=AfmBOoo71lcOo4wFGdX9f86_N-tdcKJtXodVL3Zf-gModk_nHFCtKAyt""}]",https://www.mi.com/in/promotion/2025/careers-page/?srsltid=AfmBOoo71lcOo4wFGdX9f86_N-tdcKJtXodVL3Zf-gModk_nHFCtKAyt,[],1.0,1.0,1.0,1.0,unknown,0.0,0.95,promoted,,True
28bb6836-d7c4-5865-bfe1-349c032ff123,b9793ae9-d138-560d-b795-9c405fe240ca,Xiaomi,https://career.mi.com/jobs,https://career.mi.com/jobs,,en,search,"[{""provider"": ""serper"", ""query"": ""site:mi.com careers jobs"", ""rank"": 3, ""snippet"": ""Xiaomi Careers. Middle East Middle East Job openings. View all jobs View all jobs Support Contact"", ""title"": ""Xiaomi Careers"", ""url"": ""https://career.mi.com/jobs""}]",https://career.mi.com/jobs,[],1.0,1.0,0.35,1.0,unknown,0.0,0.7875,validated,,False
3ede4464-6b85-5269-9482-d16825bc5fa0,b9793ae9-d138-560d-b795-9c405fe240ca,Xiaomi,https://career.mi.com/life,https://career.mi.com/life,,en,search,"[{""provider"": ""serper"", ""query"": ""site:mi.com careers jobs"", ""rank"": 7, ""snippet"": ""Xiaomi Careers. We've built a workplace you'll look forward to \u2014 smart offices, advanced labs, green spaces, and extensive facilities \u2014 all to spark your ..."", ""title"": ""Xiaomi Life"", ""url"": ""https://career.mi.com/life""}]",https://career.mi.com/life,[],1.0,1.0,0.35,1.0,unknown,0.0,0.7875,validated,,False
f1447aef-bdf8-51e4-b26c-19fde24b2016,b9793ae9-d138-560d-b795-9c405fe240ca,Xiaomi,https://global.app.mi.com/details?lo=ID&la=en_US&id=com.poseidon.bossjobapp,https://global.app.mi.com/details?id=com.poseidon.bossjobapp&la=en_US&lo=ID,,en,search,"[{""provider"": ""serper"", ""query"": ""site:mi.com careers jobs"", ""rank"": 8, ""snippet"": ""Search for jobs and get job matches with top companies. Explore roles across industries like IT, engineering, healthcare, and remote work. Top companies such ..."", ""title"": ""Bossjob: Chat & Job Search - Xiaomi"", ""url"": ""https://global.app.mi.com/details?lo=ID&la=en_US&id=com.poseidon.bossjobapp""}]",https://global.app.mi.com/details?lo=ID&la=en_US&id=com.poseidon.bossjobapp,[],1.0,1.0,0.35,1.0,unknown,0.0,0.7875,validated,,False
ce3720fc-6686-5655-9776-a3de0df461a1,b9793ae9-d138-560d-b795-9c405fe240ca,Xiaomi,https://www.mi.com/global/careers/detail/,https://www.mi.com/global/careers/detail,,en,search,"[{""provider"": ""serper"", ""query"": ""\""Xiaomi\"" careers"", ""rank"": 3, ""snippet"": ""Welcome to Xiaomi global official website to buy your favorite products. Here you can buy the latest Xiaomi smartphones, Redmi smartphones, Mi Bands, ..."", ""title"": ""Mi Careers Detail - Xiaomi Global Home"", ""url"": ""https://www.mi.com/global/careers/detail/""}, {""provider"": ""serper"", ""query"": ""site:mi.com careers jobs"", ""rank"": 2, ""snippet"": ""Welcome to Xiaomi global official website. Choose your location and language. Community SUPPORT Contact us User. Xiaomi Leadership Team"", ""title"": ""Mi Careers Detail - Xiaomi Global Home"", ""url"": ""https://www.mi.com/global/careers/detail/""}]",https://www.mi.com/global/careers/detail/,[],1.0,0.3333333333333333,1.0,1.0,unknown,0.0,0.7833,rejected,no_recruitment_evidence,False
2e98415e-143a-592d-b0a3-0c6b5a50dbdb,b9793ae9-d138-560d-b795-9c405fe240ca,Xiaomi,https://www.mi.com/in/promotion/2025/about-us/,https://www.mi.com/in/promotion/2025/about-us,,en,search,"[{""provider"": ""serper"", ""query"": ""site:mi.com careers jobs"", ""rank"": 9, ""snippet"": ""* Join us at Xiaomi and collaborate with exceptional talents worldwide to pioneer the intelligent future together! View all positions. Explore more about us."", ""title"": ""About Us - Xiaomi India"", ""url"": ""https://www.mi.com/in/promotion/2025/about-us/""}]",https://www.mi.com/in/about/,"[""https://www.mi.com/in/promotion/2025/about-us/""]",1.0,0.3333333333333333,1.0,1.0,unknown,0.0,0.7833,rejected,no_recruitment_evidence,False
b762525c-5c40-5a91-8c0c-8ebbf0c07df3,b9793ae9-d138-560d-b795-9c405fe240ca,Xiaomi,https://www.mi.com/uk/promotion/2025/about-us/,https://www.mi.com/uk/promotion/2025/about-us,,en,search,"[{""provider"": ""serper"", ""query"": ""site:mi.com careers jobs"", ""rank"": 10, ""snippet"": ""About Xiaomi Corporation - Discover our\u300cHuman x Car x Home\u300dsmart ecosystem, corporate culture, sustainability commitments, and career opportunities."", ""title"": ""About Us - Xiaomi UK"", ""url"": ""https://www.mi.com/uk/promotion/2025/about-us/""}]",https://www.mi.com/uk/about/,"[""https://www.mi.com/uk/promotion/2025/about-us/""]",1.0,0.3333333333333333,1.0,1.0,unknown,0.0,0.7833,rejected,no_recruitment_evidence,False
f6b852da-2f30-550d-bba0-6a5467889014,b9793ae9-d138-560d-b795-9c405fe240ca,Xiaomi,https://career.mi.com/,https://career.mi.com/,,en,search,"[{""provider"": ""serper"", ""query"": ""\""Xiaomi\"" careers"", ""rank"": 1, ""snippet"": ""In 2010, Xiaomi was founded with a grand aspiration: to change the inefficient way businesses operate and to relentlessly build amazing products with honest ..."", ""title"": ""Xiaomi Careers"", ""url"": ""https://career.mi.com/""}, {""provider"": ""serper"", ""query"": ""site:mi.com careers jobs"", ""rank"": 1, ""snippet"": ""We are committed to nurturing young talent. Through our dedicated graduate programmes and one-on-one mentorship, we aim to help every rising star shine ..."", ""title"": ""Xiaomi Careers"", ""url"": ""https://career.mi.com/""}]",https://career.mi.com/home,"[""https://career.mi.com/""]",1.0,0.6666666666666666,0.35,1.0,unknown,0.0,0.7042,validated,,False
bd5678fc-962d-5c8d-ae3d-b616e36d4cb8,b9793ae9-d138-560d-b795-9c405fe240ca,Xiaomi,https://career.mi.com/deliveryInstructions,https://career.mi.com/deliveryInstructions,,en,search,"[{""provider"": ""serper"", ""query"": ""site:mi.com careers jobs"", ""rank"": 5, ""snippet"": ""Application Guidelines for 2026 Campus Recruitment \u00b7 I. Eligibility & Graduation Date \u00b7 II. Job Categories \u00b7 III. Work Locations \u00b7 IV. Application Process \u00b7 V."", ""title"": ""Application Guidelines for Internship Recruitment"", ""url"": ""https://career.mi.com/deliveryInstructions""}]",https://career.mi.com/deliveryInstructions,[],1.0,0.6666666666666666,0.35,1.0,unknown,0.0,0.7042,validated,,False
ecd0891b-b4a4-588c-8a30-8c3f084733b8,b9793ae9-d138-560d-b795-9c405fe240ca,Xiaomi,https://in.event.mi.com/in/careers,https://in.event.mi.com/in/careers,,en,search,"[{""provider"": ""serper"", ""query"": ""site:mi.com careers jobs"", ""rank"": 4, ""snippet"": ""Join Our Team milogo. There are too many people rushing in at the moment, please stay with us."", ""title"": ""Join Our Team"", ""url"": ""https://in.event.mi.com/in/careers""}]",https://in.event.mi.com/in/careers,[],1.0,0.3333333333333333,0.35,1.0,unknown,0.0,0.6208,rejected,no_recruitment_evidence,False
8cb5f170-550b-5e02-a5e4-65ad6e40643f,b9793ae9-d138-560d-b795-9c405fe240ca,Xiaomi,https://www.naukri.com/xiaomi-jobs-careers-1928218,https://www.naukri.com/xiaomi-jobs-careers-1928218,,en,search,"[{""provider"": ""serper"", ""query"": ""\""Xiaomi\"" careers"", ""rank"": 9, ""snippet"": ""Xiaomi jobs ; Industrial Trainee- Finance \u00b7 0-2 Yrs ; SISC Human Resource Intern \u00b7 0-1 Yrs ; Data Engineer \u00b7 2-5 Yrs ; Associate Legal Assistant \u00b7 1-3 Yrs."", ""title"": ""Xiaomi Careers - 4 Xiaomi Jobs July 2026"", ""url"": ""https://www.naukri.com/xiaomi-jobs-careers-1928218""}]",https://www.naukri.com/xiaomi-jobs-careers-1928218,[],1.0,0.0,0.35,1.0,unknown,0.0,0.5375,rejected,no_recruitment_evidence,False
4c7220ea-2e41-5bb7-9ee3-f95385f46210,b9793ae9-d138-560d-b795-9c405fe240ca,Xiaomi,https://www.mi.com/sitemap.xml,https://www.mi.com/sitemap.xml,,en,official_crawl,"[{""provider"": ""official_crawl"", ""query"": """", ""rank"": 0, ""snippet"": ""official-site career content"", ""title"": """", ""url"": ""https://www.mi.com/sitemap.xml""}]",https://www.mi.com/sitemap.xml,[],0.0,0.6666666666666666,1.0,1.0,unknown,0.0,0.5167,rejected,identity_conflict,False
399b13a7-5d68-577d-9560-232056a07bc2,846a473d-5fa9-513a-b9d9-aeb0c0e7a038,IBM,https://www.ibm.com/careers/search,https://www.ibm.com/careers/search,,en,search,"[{""provider"": ""serper"", ""query"": ""\""IBM\"" careers"", ""rank"": 1, ""snippet"": ""IBM Careers. Overview; Life @ IBM. Culture \u00b7 Careers blog \u00b7 Locations \u00b7 Career Areas; Entry level. Entry-Level Opportunities \u00b7 Internships. Hiring Process."", ""title"": ""Search jobs | IBM Careers"", ""url"": ""https://www.ibm.com/careers/search""}, {""provider"": ""serper"", ""query"": ""site:ibm.com careers jobs"", ""rank"": 5, ""snippet"": ""Come search jobs like an IBMer. Get notified on job openings that match your skills. Come empower, invent and advance like an IBMer."", ""title"": ""Search jobs | IBM Careers"", ""url"": ""https://www.ibm.com/careers/search""}]",https://www.ibm.com/careers/search,[],1.0,1.0,1.0,1.0,unknown,0.0,0.95,promoted,,True
15d7f0dc-02d9-598a-ad74-925c126651ee,846a473d-5fa9-513a-b9d9-aeb0c0e7a038,IBM,https://www.ibm.com/careers/career-opportunities,https://www.ibm.com/careers/career-opportunities,,en,search,"[{""provider"": ""serper"", ""query"": ""\""IBM\"" careers"", ""rank"": 2, ""snippet"": ""Whether you're looking to change career paths, you are a student, or a recent grad, discover opportunities to launch an impactful career at IBM."", ""title"": ""Entry Level Jobs - Careers"", ""url"": ""https://www.ibm.com/careers/career-opportunities""}, {""provider"": ""serper"", ""query"": ""site:ibm.com careers jobs"", ""rank"": 4, ""snippet"": ""If you're motivated by solving problems, excited about technology, and ready to make a difference, this guide across our entry-level opportunities is for you."", ""title"": ""Entry Level Jobs - Careers"", ""url"": ""https://www.ibm.com/careers/career-opportunities""}]",https://www.ibm.com/careers/career-opportunities,[],1.0,1.0,1.0,1.0,unknown,0.0,0.95,promoted,,True
bd4a8ad5-f39f-5bdf-bee8-7d11c5044a37,846a473d-5fa9-513a-b9d9-aeb0c0e7a038,IBM,https://www.ibm.com/careers,https://www.ibm.com/careers,,en,search,"[{""provider"": ""serper"", ""query"": ""\""IBM\"" careers"", ""rank"": 3, ""snippet"": ""Find out what to expect every step of the way, and get helpful career guidance directly from recruiters and expert IBMers. Life@IBM."", ""title"": ""Define your career with IBM"", ""url"": ""https://www.ibm.com/careers""}, {""provider"": ""serper"", ""query"": ""site:ibm.com careers jobs"", ""rank"": 1, ""snippet"": ""Further discover our careers page or get a personalized list of jobs based on your interests, then filter by country, experience, or skills. Explore all roles."", ""title"": ""Define your career with IBM"", ""url"": ""https://www.ibm.com/careers""}]",https://www.ibm.com/careers,[],1.0,1.0,1.0,1.0,unknown,0.0,0.95,promoted,,True
2b54d8c5-3ae7-5e89-be4a-d08aaa294b4c,846a473d-5fa9-513a-b9d9-aeb0c0e7a038,IBM,https://www.ibm.com/careers/areas,https://www.ibm.com/careers/areas,,en,search,"[{""provider"": ""serper"", ""query"": ""\""IBM\"" careers"", ""rank"": 4, ""snippet"": ""Career areas in IBM ... Come pave your own path like an IBMer. Explore all the ways you can use your skills to help set the pace for innovation, empower outcomes ..."", ""title"": ""Career Areas"", ""url"": ""https://www.ibm.com/careers/areas""}]",https://www.ibm.com/careers/areas,[],1.0,1.0,1.0,1.0,unknown,0.0,0.95,promoted,,True
ca5e2d33-78e6-5b8e-9600-27fffbce8b5c,846a473d-5fa9-513a-b9d9-aeb0c0e7a038,IBM,https://www.ibm.com/careers/enterprise-operations,https://www.ibm.com/careers/enterprise-operations,,en,search,"[{""provider"": ""serper"", ""query"": ""\""IBM\"" careers"", ""rank"": 8, ""snippet"": ""Be a part of the team that works to transform the IBM operating model to stay up-to-date with market shifts. See what kind of work our IBMers are doing."", ""title"": ""Jobs in Enterprise Operations - Careers"", ""url"": ""https://www.ibm.com/careers/enterprise-operations""}, {""provider"": ""serper"", ""query"": ""site:ibm.com careers jobs"", ""rank"": 2, ""snippet"": ""Come support like an IBMer. From Marketing to HR, from Finance to Procurement: build your career by helping thousands of IBMers. Support the adoption of AI ..."", ""title"": ""Jobs in Enterprise Operations - Careers"", ""url"": ""https://www.ibm.com/careers/enterprise-operations""}]",https://www.ibm.com/careers/enterprise-operations,[],1.0,1.0,1.0,1.0,unknown,0.0,0.95,promoted,,True
360de37c-9e7d-517d-86d0-7e17a8cadef3,846a473d-5fa9-513a-b9d9-aeb0c0e7a038,IBM,https://www.ibm.com/careers/infrastructure-and-technology,https://www.ibm.com/careers/infrastructure-and-technology,,en,search,"[{""provider"": ""serper"", ""query"": ""site:ibm.com careers jobs"", ""rank"": 3, ""snippet"": ""Come work with a wide range of technologies and skills: from networking and systems administration to automation and the integration of AI."", ""title"": ""Jobs in Infrastructure and Technology - Careers"", ""url"": ""https://www.ibm.com/careers/infrastructure-and-technology""}]",https://www.ibm.com/careers/infrastructure-and-technology,[],1.0,1.0,1.0,1.0,unknown,0.0,0.95,promoted,,True
300112dd-0af7-5c67-b1a0-2b741a93c24a,846a473d-5fa9-513a-b9d9-aeb0c0e7a038,IBM,https://www.ibm.com/careers/cloud,https://www.ibm.com/careers/cloud,,en,search,"[{""provider"": ""serper"", ""query"": ""site:ibm.com careers jobs"", ""rank"": 6, ""snippet"": ""Explore all Cloud jobs , Three people having Cloud Security Architect. Available jobs Cloud Platform Architect. Available jobs Site Reliability Engineer. ..."", ""title"": ""Jobs in Cloud team | IBM Careers"", ""url"": ""https://www.ibm.com/careers/cloud""}]",https://www.ibm.com/careers/cloud,[],1.0,1.0,1.0,1.0,unknown,0.0,0.95,promoted,,True
69ac4cb8-40dd-500b-9743-afc605c3c37d,846a473d-5fa9-513a-b9d9-aeb0c0e7a038,IBM,https://www.ibm.com/careers/consulting,https://www.ibm.com/careers/consulting,,en,search,"[{""provider"": ""serper"", ""query"": ""site:ibm.com careers jobs"", ""rank"": 7, ""snippet"": ""With IBM consulting jobs help businesses accelerate their hybrid multicloud and AI transformation. Get notified on job openings that match your skills."", ""title"": ""Jobs in Consulting - Careers"", ""url"": ""https://www.ibm.com/careers/consulting""}]",https://www.ibm.com/careers/consulting,[],1.0,1.0,1.0,1.0,unknown,0.0,0.95,promoted,,True
64d67749-9499-586b-9d78-aec1b48fa4af,846a473d-5fa9-513a-b9d9-aeb0c0e7a038,IBM,https://www.ibm.com/careers/design-and-ux,https://www.ibm.com/careers/design-and-ux,,en,search,"[{""provider"": ""serper"", ""query"": ""site:ibm.com careers jobs"", ""rank"": 8, ""snippet"": ""Work on designing the entire customer journey, including aspects of branding, design, usability, and function. Available jobs. Content Designer. Collaborate ..."", ""title"": ""Design and UX Jobs - Careers"", ""url"": ""https://www.ibm.com/careers/design-and-ux""}]",https://www.ibm.com/careers/design-and-ux,[],1.0,1.0,1.0,1.0,unknown,0.0,0.95,promoted,,True
34432bd2-0c18-5c45-a342-8f1272ad157b,846a473d-5fa9-513a-b9d9-aeb0c0e7a038,IBM,https://www.ibm.com/careers/security,https://www.ibm.com/careers/security,,en,search,"[{""provider"": ""serper"", ""query"": ""site:ibm.com careers jobs"", ""rank"": 9, ""snippet"": ""Security Jobs. Come hack like an IBMer. On this team of problem\u2011solvers, you'll monitor, hack, and use your forensic brain to catch risks before anyone else to ..."", ""title"": ""Jobs in Security - Careers"", ""url"": ""https://www.ibm.com/careers/security""}]",https://www.ibm.com/careers/security,[],1.0,1.0,1.0,1.0,unknown,0.0,0.95,promoted,,True
80e8a2b4-89b5-56cc-b704-e0e21aa591e4,846a473d-5fa9-513a-b9d9-aeb0c0e7a038,IBM,https://www.ibm.com/careers/sales,https://www.ibm.com/careers/sales,,en,search,"[{""provider"": ""serper"", ""query"": ""site:ibm.com careers jobs"", ""rank"": 10, ""snippet"": ""As a technical expert, you'll use your business insight to build and strengthen client relationships, bring together hardware and software solutions to ..."", ""title"": ""Jobs in Sales team | IBM Careers"", ""url"": ""https://www.ibm.com/careers/sales""}]",https://www.ibm.com/careers/sales,[],1.0,1.0,1.0,1.0,unknown,0.0,0.95,promoted,,True
69354541-cf6f-58ed-b306-bd9e2e9c3ac3,846a473d-5fa9-513a-b9d9-aeb0c0e7a038,IBM,https://www.ibm.com/us-en,https://www.ibm.com/us-en,,en,official_crawl,"[{""provider"": ""official_crawl"", ""query"": """", ""rank"": 0, ""snippet"": ""official-site career content"", ""title"": ""IBM"", ""url"": ""https://www.ibm.com/us-en""}]",https://www.ibm.com/us-en,[],1.0,0.6666666666666666,1.0,1.0,unknown,0.0,0.8667,validated,,False
98e75be6-33ba-5060-9747-d479df31e758,846a473d-5fa9-513a-b9d9-aeb0c0e7a038,IBM,https://www.quantumjobs.us/company/ibm,https://www.quantumjobs.us/company/ibm,,en,search,"[{""provider"": ""serper"", ""query"": ""\""IBM\"" careers"", ""rank"": 7, ""snippet"": ""Find remote, entry-level, and graduate Quantum jobs at IBM in cryptography, hardware engineering or computing"", ""title"": ""IBM Careers | Find 50+ Jobs on Quantum Jobs USA"", ""url"": ""https://www.quantumjobs.us/company/ibm""}]",https://www.quantumjobs.us/company/ibm,[],1.0,1.0,0.35,1.0,unknown,0.0,0.7875,validated,,False
a96014e2-da96-5b27-9bcf-14739712d75b,fd227a3a-01fd-52b5-98c1-c967a2f2331d,Air Canada,https://careers.aircanada.com/ca/en/,https://careers.aircanada.com/ca/en,Canada,en-CA,search,"[{""provider"": ""serper"", ""query"": ""\""Air Canada\"" Canada careers"", ""rank"": 1, ""snippet"": ""Join Air Canada's Talent Network and unlock diverse career opportunities with a global carrier committed to equity and inclusion."", ""title"": ""Join Air Canada: Explore Careers and Job Opportunities"", ""url"": ""https://careers.aircanada.com/ca/en/""}]",https://careers.aircanada.com/ca/en/,[],1.0,1.0,0.35,1.0,custom,0.6,0.8175,validated,,False
ecc35178-938f-5d48-a60a-61f4abbb4a32,fd227a3a-01fd-52b5-98c1-c967a2f2331d,Air Canada,https://careers.aircanada.com/,https://careers.aircanada.com/,Canada,en-CA,search,"[{""provider"": ""serper"", ""query"": ""site:aircanada.com careers jobs"", ""rank"": 1, ""snippet"": ""Join Air Canada's Talent Network and unlock diverse career opportunities with a global carrier committed to equity and inclusion."", ""title"": ""Join Air Canada: Explore Careers and Job Opportunities"", ""url"": ""https://careers.aircanada.com/""}]",https://careers.aircanada.com/ca/en,"[""https://careers.aircanada.com/""]",1.0,1.0,0.35,1.0,custom,0.6,0.8175,validated,,False
cfa40044-1f56-528e-b932-5fe4926040a2,fd227a3a-01fd-52b5-98c1-c967a2f2331d,Air Canada,https://careers.aircanada.com/ca/en/faqs,https://careers.aircanada.com/ca/en/faqs,Canada,en-CA,search,"[{""provider"": ""serper"", ""query"": ""site:aircanada.com careers jobs"", ""rank"": 7, ""snippet"": ""Get all your Air Canada job application FAQs answered. Learn about benefits, application process, and how to apply on mobile."", ""title"": ""Applying for Jobs & Employee Benefits"", ""url"": ""https://careers.aircanada.com/ca/en/faqs""}]",https://careers.aircanada.com/ca/en/faqs,[],1.0,1.0,0.35,1.0,custom,0.6,0.8175,validated,,False
4e7d7ec7-2564-5dbb-b096-f81bf39e3939,fd227a3a-01fd-52b5-98c1-c967a2f2331d,Air Canada,https://aircanada.taleo.net/careersection/iam/accessmanagement/login.jsf?redirectionURI=http%3A%2F%2Faircanada.taleo.net%2Fcareersection%2F2%2Fmycart.ftl&TARGET=http%3A%2F%2Faircanada.taleo.net%2Fcareersection%2F2%2Fmycart.ftl,https://aircanada.taleo.net/careersection/iam/accessmanagement/login.jsf?TARGET=http%3A%2F%2Faircanada.taleo.net%2Fcareersection%2F2%2Fmycart.ftl&redirectionURI=http%3A%2F%2Faircanada.taleo.net%2Fcareersection%2F2%2Fmycart.ftl,Canada,en-CA,search,"[{""provider"": ""serper"", ""query"": ""\""Air Canada\"" Canada careers"", ""rank"": 6, ""snippet"": ""Go to the main content section. Air Canada. Book \u00b7 Investor Relations \u00b7 Corporate Responsibility \u00b7 Careers \u00b7 Home \u00b7 Careers. Careers at Air Canada."", ""title"": ""Login - Careers at Air Canada - User Sign In"", ""url"": ""https://aircanada.taleo.net/careersection/iam/accessmanagement/login.jsf?redirectionURI=http%3A%2F%2Faircanada.taleo.net%2Fcareersection%2F2%2Fmycart.ftl&TARGET=http%3A%2F%2Faircanada.taleo.net%2Fcareersection%2F2%2Fmycart.ftl""}]",https://aircanada.taleo.net/careersection/iam/accessmanagement/login.jsf?redirectionURI=http%3A%2F%2Faircanada.taleo.net%2Fcareersection%2F2%2Fmycart.ftl&TARGET=http%3A%2F%2Faircanada.taleo.net%2Fcareersection%2F2%2Fmycart.ftl,[],1.0,1.0,0.35,1.0,unknown,0.0,0.7875,validated,,False
d6e7b9bf-9e4a-5df5-85ca-96fdc3b5d89a,fd227a3a-01fd-52b5-98c1-c967a2f2331d,Air Canada,https://vacations.aircanada.com/en/careers,https://vacations.aircanada.com/en/careers,Canada,en-CA,search,"[{""provider"": ""serper"", ""query"": ""site:aircanada.com careers jobs"", ""rank"": 4, ""snippet"": ""Explore our open positions. We offer continuous training opportunities throughout the year such as corporate training and a tuition reimbursement program"", ""title"": ""Careers | Jobs & Employment"", ""url"": ""https://vacations.aircanada.com/en/careers""}]",https://vacations.aircanada.com/en/careers,[],1.0,1.0,0.35,1.0,unknown,0.0,0.7875,validated,,False
5b0a12d2-9a95-5488-a4af-7277b8a75b72,fd227a3a-01fd-52b5-98c1-c967a2f2331d,Air Canada,https://flyrouge.com/ca/en/careers.html,https://flyrouge.com/ca/en/careers.html,Canada,en-CA,search,"[{""provider"": ""serper"", ""query"": ""\""Air Canada\"" Canada careers"", ""rank"": 5, ""snippet"": ""Group shot of Rouge flightcrew. Air Canada Rouge Careers Page. About us. Can you take customer service to the highest level?"", ""title"": ""Careers"", ""url"": ""https://flyrouge.com/ca/en/careers.html""}]",https://flyrouge.com/ca/en/careers.html,[],1.0,0.6666666666666666,0.35,1.0,unknown,0.0,0.7042,validated,,False
ff403e73-becc-57df-84eb-dc937cf28176,fd227a3a-01fd-52b5-98c1-c967a2f2331d,Air Canada,https://careers.aircanada.com/ca/en/search-results,https://careers.aircanada.com/ca/en/search-results,Canada,en-CA,search,"[{""provider"": ""serper"", ""query"": ""site:aircanada.com careers jobs"", ""rank"": 2, ""snippet"": ""Available jobs Showing 60 results. Crew Pay Analyst - Flight Attendant. Ramp Agent (Station Attendant) \u2013 Airport - Part-Time. Ground ..."", ""title"": ""job openings at Air Canada"", ""url"": ""https://careers.aircanada.com/ca/en/search-results""}]",https://careers.aircanada.com/ca/en/search-results,[],1.0,0.3333333333333333,0.35,1.0,custom,0.65,0.6533,rejected,no_recruitment_evidence,False
3ea4fc12-8660-5c44-b00d-fa0b1af8b4cc,fd227a3a-01fd-52b5-98c1-c967a2f2331d,Air Canada,https://careers.aircanada.com/ca/en/search-results?keywords=WA%2B0812%2B2782%2B5310%2BAnggaran%2BDana%2BUntuk%2BMembangun%2BTaman%2BPinggir%2BJalan%2BSerengan%2BSolo&s=1,https://careers.aircanada.com/ca/en/search-results?keywords=WA%2B0812%2B2782%2B5310%2BAnggaran%2BDana%2BUntuk%2BMembangun%2BTaman%2BPinggir%2BJalan%2BSerengan%2BSolo&s=1,Canada,en-CA,search,"[{""provider"": ""serper"", ""query"": ""site:aircanada.com careers jobs"", ""rank"": 5, ""snippet"": ""Showing 60 results for. Ready to make an impact in aviation? Apply today! opportunities for growth, travel, and professional development. ..."", ""title"": ""Find your dream job"", ""url"": ""https://careers.aircanada.com/ca/en/search-results?keywords=WA%2B0812%2B2782%2B5310%2BAnggaran%2BDana%2BUntuk%2BMembangun%2BTaman%2BPinggir%2BJalan%2BSerengan%2BSolo&s=1""}]",https://careers.aircanada.com/ca/en/search-results?keywords=WA%2B0812%2B2782%2B5310%2BAnggaran%2BDana%2BUntuk%2BMembangun%2BTaman%2BPinggir%2BJalan%2BSerengan%2BSolo&s=1,[],1.0,0.3333333333333333,0.35,1.0,custom,0.65,0.6533,rejected,no_recruitment_evidence,False
30f5cb86-1dff-5205-b4a8-84d451d5d122,fd227a3a-01fd-52b5-98c1-c967a2f2331d,Air Canada,https://careers.aircanada.com/ca/en/search-results?from=10&s=1&category=Contact%20Centres,https://careers.aircanada.com/ca/en/search-results?category=Contact+Centres&from=10&s=1,Canada,en-CA,search,"[{""provider"": ""serper"", ""query"": ""site:aircanada.com careers jobs"", ""rank"": 8, ""snippet"": ""Flight Operations and Pilots (1)job Human Resources (1)job Legal (1)job Marketing and Sales (2)jobs Revenue Management and Network Planning"", ""title"": ""Contact Centres job openings at Air Canada"", ""url"": ""https://careers.aircanada.com/ca/en/search-results?from=10&s=1&category=Contact%20Centres""}]",https://careers.aircanada.com/ca/en/search-results?from=10&s=1&category=Contact%20Centres,[],1.0,0.3333333333333333,0.35,1.0,custom,0.65,0.6533,rejected,no_recruitment_evidence,False
4ec34c09-d68c-5cf0-923c-f0ba9b55d41f,fd227a3a-01fd-52b5-98c1-c967a2f2331d,Air Canada,https://careers.aircanada.com/ca/en/search-results?keywords=WA%2B0812%2B2782%2B5310%2BUpah%2BTukang%2BPasang%2BPlafon%2BIndustrial%2BTingkir%2BSalatiga&s=1,https://careers.aircanada.com/ca/en/search-results?keywords=WA%2B0812%2B2782%2B5310%2BUpah%2BTukang%2BPasang%2BPlafon%2BIndustrial%2BTingkir%2BSalatiga&s=1,Canada,en-CA,search,"[{""provider"": ""serper"", ""query"": ""site:aircanada.com careers jobs"", ""rank"": 10, ""snippet"": ""Browse our latest job openings and apply today."", ""title"": ""Find your dream job"", ""url"": ""https://careers.aircanada.com/ca/en/search-results?keywords=WA%2B0812%2B2782%2B5310%2BUpah%2BTukang%2BPasang%2BPlafon%2BIndustrial%2BTingkir%2BSalatiga&s=1""}]",https://careers.aircanada.com/ca/en/search-results?keywords=WA%2B0812%2B2782%2B5310%2BUpah%2BTukang%2BPasang%2BPlafon%2BIndustrial%2BTingkir%2BSalatiga&s=1,[],1.0,0.3333333333333333,0.35,1.0,custom,0.65,0.6533,rejected,no_recruitment_evidence,False
d73fbf9e-9001-55b7-9424-03f9a0f70a29,fd227a3a-01fd-52b5-98c1-c967a2f2331d,Air Canada,https://careers.aircanada.com/ca/en/c/digital-and-technology-jobs,https://careers.aircanada.com/ca/en/c/digital-and-technology-jobs,Canada,en-CA,search,"[{""provider"": ""serper"", ""query"": ""site:aircanada.com careers jobs"", ""rank"": 3, ""snippet"": ""Apply for Digital and Technology jobs at Air Canada. Browse our opportunities and apply today. Air Canada's IT, Data, and Digital teams. ..."", ""title"": ""Digital and Technology jobs"", ""url"": ""https://careers.aircanada.com/ca/en/c/digital-and-technology-jobs""}]",https://careers.aircanada.com/ca/en/c/digital-and-technology-jobs,[],1.0,0.3333333333333333,0.35,1.0,custom,0.6,0.6508,rejected,no_recruitment_evidence,False
7e5c8b6b-06d8-5d7f-ae72-cf3dc2ee6862,fd227a3a-01fd-52b5-98c1-c967a2f2331d,Air Canada,https://careers.aircanada.com/ca/en/c/cargo-jobs,https://careers.aircanada.com/ca/en/c/cargo-jobs,Canada,en-CA,search,"[{""provider"": ""serper"", ""query"": ""site:aircanada.com careers jobs"", ""rank"": 6, ""snippet"": ""Browse our opportunities and apply today to a Air Canada Cargo position. TEL: 888-985-7755"", ""title"": ""Cargo jobs at Air Canada"", ""url"": ""https://careers.aircanada.com/ca/en/c/cargo-jobs""}]",https://careers.aircanada.com/ca/en/c/cargo-jobs,[],1.0,0.3333333333333333,0.35,1.0,custom,0.6,0.6508,rejected,no_recruitment_evidence,False
19eac01d-e264-5490-ab72-749c60addbcf,fd227a3a-01fd-52b5-98c1-c967a2f2331d,Air Canada,https://careers.aircanada.com/ca/en/c/flight-operations-and-pilots-jobs,https://careers.aircanada.com/ca/en/c/flight-operations-and-pilots-jobs,Canada,en-CA,search,"[{""provider"": ""serper"", ""query"": ""site:aircanada.com careers jobs"", ""rank"": 9, ""snippet"": ""Apply for Flight Operations and Pilots jobs at Air Canada. Browse our opportunities and apply today to a Air Canada Flight Operations and ..."", ""title"": ""Flight Operations and Pilots jobs"", ""url"": ""https://careers.aircanada.com/ca/en/c/flight-operations-and-pilots-jobs""}]",https://careers.aircanada.com/ca/en/c/flight-operations-and-pilots-jobs,[],1.0,0.3333333333333333,0.35,1.0,custom,0.6,0.6508,rejected,no_recruitment_evidence,False
dcb53ff4-66e3-58a5-8de9-f64f3957f6c3,34f1d9a8-a56a-513f-ba83-eacbbd140f7c,Eu Yan Sang,https://www.glassdoor.sg/Jobs/Eu-Yan-Sang-Jobs-E526761.htm,https://www.glassdoor.sg/Jobs/Eu-Yan-Sang-Jobs-E526761.htm,Singapore,en-SG,search,"[{""provider"": ""serper"", ""query"": ""\""Eu Yan Sang\"" Singapore careers"", ""rank"": 5, ""snippet"": ""Eu Yan Sang jobs ; Retail Marketing Executive \u00b7 15d ; Manager, Product Marketing \u00b7 27d ; Senior Analytics Specialist (1-year contract) \u00b7 15d."", ""title"": ""Eu Yan Sang Jobs & Careers - 3 Open Positions - Glassdoor"", ""url"": ""https://www.glassdoor.sg/Jobs/Eu-Yan-Sang-Jobs-E526761.htm""}]",https://www.glassdoor.sg/Jobs/Eu-Yan-Sang-Jobs-E526761.htm,[],1.0,1.0,0.35,1.0,custom,0.7,0.8225,validated,,False
fe4ed078-e3a6-5624-8653-509a3633d119,34f1d9a8-a56a-513f-ba83-eacbbd140f7c,Eu Yan Sang,https://bebee.com/sg/companies/eu-yan-sang,https://bebee.com/sg/companies/eu-yan-sang,Singapore,en-SG,search,"[{""provider"": ""serper"", ""query"": ""\""Eu Yan Sang\"" Singapore careers"", ""rank"": 8, ""snippet"": ""Eu Yan Sang - 14 Active jobs. For over 140 years, Eu Yan Sang embraces its ... Singapore, Singapore \u00b7 Assistant Manager, Group Product Development ..."", ""title"": ""Eu Yan Sang - Jobs"", ""url"": ""https://bebee.com/sg/companies/eu-yan-sang""}]",https://bebee.com/sg/companies/eu-yan-sang,[],1.0,0.6666666666666666,0.35,1.0,custom,0.65,0.7367,validated,,False
98ecb6d6-fefc-55b3-b114-e75d09bcd36a,34f1d9a8-a56a-513f-ba83-eacbbd140f7c,Eu Yan Sang,https://www.goodjobs.com.sg/employers/eu-yan-sang-singapore-pte-ltd,https://www.goodjobs.com.sg/employers/eu-yan-sang-singapore-pte-ltd,Singapore,en-SG,search,"[{""provider"": ""serper"", ""query"": ""\""Eu Yan Sang\"" Singapore careers"", ""rank"": 9, ""snippet"": ""Company Overview. Eu Yan Sang aims to be a leading and trusted integrative health and wellness company with a unique heritage in Chinese Medicine."", ""title"": ""Employer Detail - Eu Yan Sang (Singapore) Pte Ltd"", ""url"": ""https://www.goodjobs.com.sg/employers/eu-yan-sang-singapore-pte-ltd""}]",https://www.goodjobs.com.sg/employers/eu-yan-sang-singapore-pte-ltd,[],1.0,0.6666666666666666,0.35,1.0,custom,0.65,0.7367,validated,,False
b651d125-f455-58a7-a22e-87f4c1028f4f,34f1d9a8-a56a-513f-ba83-eacbbd140f7c,Eu Yan Sang,https://www.instagram.com/euyansang_careers/,https://www.instagram.com/euyansang_careers,Singapore,en-SG,search,"[{""provider"": ""serper"", ""query"": ""\""Eu Yan Sang\"" Singapore careers"", ""rank"": 7, ""snippet"": ""What would a career with Eu Yan Sang be like? Find out here. (P.S: We're now tracking the #euyansang tag ) \u00b7 Reasons why you should start taking Cordyceps!!!!!"", ""title"": ""Careers at Eu Yan Sang (@euyansang_careers)"", ""url"": ""https://www.instagram.com/euyansang_careers/""}]",https://www.instagram.com/euyansang_careers/,[],1.0,0.6666666666666666,0.35,0.5,unknown,0.0,0.6542,needs_review,,False
cb662af1-c30b-5dfe-8321-49222ff7592f,34f1d9a8-a56a-513f-ba83-eacbbd140f7c,Eu Yan Sang,https://sg.euyansangclinic.com/careers,https://sg.euyansangclinic.com/careers,Singapore,en-SG,search,"[{""provider"": ""serper"", ""query"": ""\""Eu Yan Sang\"" Singapore careers"", ""rank"": 1, ""snippet"": ""Explore career opportunities at Eu Yan Sang TCM Clinic Singapore and learn more about joining our team in holistic healthcare and wellness."", ""title"": ""Careers - Eu Yan Sang TCM Clinic"", ""url"": ""https://sg.euyansangclinic.com/careers""}]",,[],0.0,0.0,0.0,0.0,unknown,0.0,0.0,retryable_failure,network_error,False
864b9acb-0c3e-5737-a284-460ca33b4866,34f1d9a8-a56a-513f-ba83-eacbbd140f7c,Eu Yan Sang,https://www.fastjobs.sg/singapore-jobs/?coyid=42397&st=en,https://www.fastjobs.sg/singapore-jobs?coyid=42397&st=en,Singapore,en-SG,search,"[{""provider"": ""serper"", ""query"": ""\""Eu Yan Sang\"" Singapore careers"", ""rank"": 6, ""snippet"": ""Browse 2 job vacancies at Eu Yan Sang Singapore Pte Ltd hiring for Retail / Merchandising jobs roles. Find full-time, part-time, temporary, contract, freel."", ""title"": ""Eu Yan Sang Singapore Pte Ltd"", ""url"": ""https://www.fastjobs.sg/singapore-jobs/?coyid=42397&st=en""}]",https://www.fastjobs.sg/singapore-jobs/?coyid=42397&st=en,[],0.0,0.0,0.0,0.0,unknown,0.0,0.0,rejected,http_403,False
9ba5ce4c-b750-5214-a550-9c91a6eaad05,84eb3d1b-c000-5b7c-a455-a2a7f26b754d,GSC,https://www.gsc.com.my/work-in-gsc,https://www.gsc.com.my/work-in-gsc,Malaysia,en-MY,search,"[{""provider"": ""serper"", ""query"": ""\""GSC\"" Malaysia careers"", ""rank"": 1, ""snippet"": ""Do you have a penchant for movies? Be part of the cast at GSC and here's your time to shine. See all job openings. Career Banner."", ""title"": ""Work in GSC - Golden Screen Cinemas"", ""url"": ""https://www.gsc.com.my/work-in-gsc""}, {""provider"": ""serper"", ""query"": ""site:gsc.com.my careers jobs"", ""rank"": 1, ""snippet"": ""Do you have a penchant for movies? Be part of the cast at GSC and here's your time to shine. See all job openings. Career Banner."", ""title"": ""Work in GSC - Golden Screen Cinemas"", ""url"": ""https://www.gsc.com.my/work-in-gsc""}]",https://www.gsc.com.my/work-in-gsc/,"[""https://www.gsc.com.my/work-in-gsc""]",1.0,0.6666666666666666,1.0,1.0,unknown,0.0,0.8667,validated,,False
5e59c028-9d51-5c45-a6e3-7b642a292002,84eb3d1b-c000-5b7c-a455-a2a7f26b754d,GSC,https://www.gsc.com.my/about-gsc/careers,https://www.gsc.com.my/about-gsc/careers,Malaysia,en-MY,search,"[{""provider"": ""serper"", ""query"": ""site:gsc.com.my careers jobs"", ""rank"": 2, ""snippet"": ""Golden Screen Cinemas is a multiplex cinema operator & the leading cinema online Malaysia. Careers - Golden Screen Cinemas. Responsibilities Work in GSC \u30fb ..."", ""title"": ""Careers - Golden Screen Cinemas"", ""url"": ""https://www.gsc.com.my/about-gsc/careers""}]",https://www.gsc.com.my/about-gsc/careers/,"[""https://www.gsc.com.my/about-gsc/careers""]",1.0,0.6666666666666666,1.0,1.0,unknown,0.0,0.8667,validated,,False
f15b4690-4036-51fe-85ca-ca208ac3441d,84eb3d1b-c000-5b7c-a455-a2a7f26b754d,GSC,https://www.gsc.com.my/featured-stories,https://www.gsc.com.my/featured-stories,Malaysia,en-MY,search,"[{""provider"": ""serper"", ""query"": ""site:gsc.com.my careers jobs"", ""rank"": 4, ""snippet"": ""Golden Screen Cinemas is a multiplex cinema operator & the leading cinema online Malaysia. Get movie showtimes, cinema location & buy movie tickets online ..."", ""title"": ""Featured Stories - Golden Screen Cinemas"", ""url"": ""https://www.gsc.com.my/featured-stories""}]",https://www.gsc.com.my/featured-stories/,"[""https://www.gsc.com.my/featured-stories""]",1.0,0.6666666666666666,1.0,1.0,unknown,0.0,0.8667,validated,,False
d08b3c89-4570-5cd6-a0dc-e7e30c918f6f,84eb3d1b-c000-5b7c-a455-a2a7f26b754d,GSC,https://careers.ppbgroup.com/go/Golden-Screen-Cinemas/680244/,https://careers.ppbgroup.com/go/Golden-Screen-Cinemas/680244,Malaysia,en-MY,search,"[{""provider"": ""serper"", ""query"": ""\""GSC\"" Malaysia careers"", ""rank"": 3, ""snippet"": ""Uplift your career with us \u00b7 Title Specialist, Procurement (Project). Business Unit. GSC Group \u00b7 Title Senior Executive, Business & Media Strategy. Business Unit."", ""title"": ""Golden Screen Cinemas Careers"", ""url"": ""https://careers.ppbgroup.com/go/Golden-Screen-Cinemas/680244/""}]",https://careers.ppbgroup.com/go/Golden-Screen-Cinemas/680244/,[],1.0,1.0,0.35,0.5,sap_successfactors,0.88,0.7815,validated,,False
7df06d97-79bd-5f53-8df1-dfca969b66ca,84eb3d1b-c000-5b7c-a455-a2a7f26b754d,GSC,https://jobs.dsm-firmenich.com/careers/job/562949976430667?hl=en_us,https://jobs.dsm-firmenich.com/careers/job/562949976430667?hl=en_us,Malaysia,en-MY,search,"[{""provider"": ""serper"", ""query"": ""\""GSC\"" Malaysia careers"", ""rank"": 8, ""snippet"": ""Specialist, GSC Import & Export \u00b7 1. Logistics Coordinator \u00b7 2. Logistics Executive \u00b7 3. Logistics Supervisor \u00b7 4. Warehouse Supervisor \u00b7 5. Logistics Manager."", ""title"": ""Specialist, GSC Import & Export"", ""url"": ""https://jobs.dsm-firmenich.com/careers/job/562949976430667?hl=en_us""}]",https://jobs.dsm-firmenich.com/careers/job/562949976430667?hl=en_us,[],1.0,1.0,0.35,0.5,unknown,0.0,0.7375,validated,,False
db48005e-2e1b-59b7-aa85-9bff777ae71e,84eb3d1b-c000-5b7c-a455-a2a7f26b754d,GSC,https://mycareer.hsbc.com/,https://mycareer.hsbc.com/,Malaysia,en-MY,search,"[{""provider"": ""serper"", ""query"": ""\""GSC\"" Malaysia careers"", ""rank"": 10, ""snippet"": ""Browse our job list to find a job that best suits you ; GSC: Open Banking Product Manager \u00b7 17-Jul-2026 - 17-Aug-2026 ; GSC: Senior Android ..."", ""title"": ""Job Search | HSBC Group"", ""url"": ""https://mycareer.hsbc.com/""}]",https://mycareer.hsbc.com/en_GB/external,"[""https://mycareer.hsbc.com/""]",1.0,1.0,0.35,0.5,unknown,0.0,0.7375,validated,,False
5a15dc9a-3e4c-5dd1-8170-342a61ba8a7a,84eb3d1b-c000-5b7c-a455-a2a7f26b754d,GSC,https://www.gsc.com.my/faq/general-info,https://www.gsc.com.my/faq/general-info,Malaysia,en-MY,search,"[{""provider"": ""serper"", ""query"": ""site:gsc.com.my careers jobs"", ""rank"": 3, ""snippet"": ""I'm interested to join GSC. Is there any vacancy? Please email your resume to hr@gsc.com.my. Our HR team will contact you directly if youa re shortlisted."", ""title"": ""General Info | Golden Screen Cinemas"", ""url"": ""https://www.gsc.com.my/faq/general-info""}]",https://www.gsc.com.my/faq/general-info/,"[""https://www.gsc.com.my/faq/general-info""]",1.0,0.0,1.0,1.0,unknown,0.0,0.7,rejected,no_recruitment_evidence,False
1a856bd9-78fb-5ef1-b8e0-1e5bbcad787b,84eb3d1b-c000-5b7c-a455-a2a7f26b754d,GSC,https://www.maukerja.my/gsc/home.php,https://www.maukerja.my/gsc/home.php,Malaysia,en-MY,search,"[{""provider"": ""serper"", ""query"": ""\""GSC\"" Malaysia careers"", ""rank"": 5, ""snippet"": ""GSC Jobs | Jawatan Kosong GSC Malaysia. Job, Cinema Admin Assistant, Demi Chef, Commis II - Pastry Kitchen, Sous Chef, Chef de Partie, Full Time Service Crew ..."", ""title"": ""GSC Jobs | Jawatan Kosong GSC Malaysia"", ""url"": ""https://www.maukerja.my/gsc/home.php""}]",https://www.maukerja.my/gsc/home.php,[],1.0,0.3333333333333333,0.35,1.0,custom,0.6,0.6508,rejected,no_recruitment_evidence,False
41b5afcc-dfbe-52a9-81b3-bd4e8eb7f8ca,84eb3d1b-c000-5b7c-a455-a2a7f26b754d,GSC,https://gradmalaysia.com/graduate-careers-advice/employer-insights/dominic-goh,https://gradmalaysia.com/graduate-careers-advice/employer-insights/dominic-goh,Malaysia,en-MY,search,"[{""provider"": ""serper"", ""query"": ""\""GSC\"" Malaysia careers"", ""rank"": 7, ""snippet"": ""In this section, we speak to Dominic on his ideal job candidate. Let's see what he has to say! Image. gradmalaysia-GSC-WEW-Dominic-01-2021."", ""title"": ""Dominic Goh"", ""url"": ""https://gradmalaysia.com/graduate-careers-advice/employer-insights/dominic-goh""}]",https://gradmalaysia.com/graduate-careers-advice/employer-insights/dominic-goh,[],1.0,0.0,0.35,1.0,unknown,0.0,0.5375,rejected,no_recruitment_evidence,False
96f42752-1cd5-5231-9bb9-490417fb91bb,a4c50f48-26be-5264-a02a-d4b5558a991f,Weibo,https://hk.jobsdb.com/weibo-jobs/in-The-Peak-Central-and-Western-District,https://hk.jobsdb.com/weibo-jobs/in-The-Peak-Central-and-Western-District,China,zh-CN,search,"[{""provider"": ""serper"", ""query"": ""\""Weibo\"" China careers"", ""rank"": 9, ""snippet"": ""Find your ideal job at Jobsdb with 12 Weibo jobs found in The Peak Central and Western District. View all our Weibo vacancies now with new jobs added daily!"", ""title"": ""Weibo Jobs in The Peak Central and Western District"", ""url"": ""https://hk.jobsdb.com/weibo-jobs/in-The-Peak-Central-and-Western-District""}]",https://hk.jobsdb.com/weibo-jobs/in-The-Peak-Central-and-Western-District,[],1.0,1.0,0.35,1.0,custom,0.65,0.82,validated,,False
58d8f745-8763-55ce-ba89-fb4bfd99551b,a4c50f48-26be-5264-a02a-d4b5558a991f,Weibo,https://www.atlantis-press.com/proceedings/essc-25/126022394,https://www.atlantis-press.com/proceedings/essc-25/126022394,China,zh-CN,search,"[{""provider"": ""serper"", ""query"": ""\""Weibo\"" China careers"", ""rank"": 5, ""snippet"": ""This paper studies the impact of Weibo on college students' job hunting. A questionnaire survey was conducted among 278 college students, ..."", ""title"": ""The New Trend for College Students how to Find Jobs"", ""url"": ""https://www.atlantis-press.com/proceedings/essc-25/126022394""}]",https://www.atlantis-press.com/proceedings/essc-25/126022394,[],1.0,0.6666666666666666,0.35,1.0,unknown,0.0,0.7042,validated,,False
36949f14-bf6f-5908-a146-4a986b620557,a4c50f48-26be-5264-a02a-d4b5558a991f,Weibo,http://ir.weibo.com/,http://ir.weibo.com/,China,zh-CN,search,"[{""provider"": ""serper"", ""query"": ""\""Weibo\"" China careers"", ""rank"": 4, ""snippet"": ""The Investor Relations website contains information about Weibo Corporation's business for stockholders, potential investors, and financial analysts."", ""title"": ""Weibo Corporation: IR Home"", ""url"": ""http://ir.weibo.com/""}]",http://ir.weibo.com/,[],1.0,0.0,0.35,0.5,unknown,0.0,0.4875,rejected,no_recruitment_evidence,False
a314abaa-511a-54ce-9e9e-16d98206e08d,a4c50f48-26be-5264-a02a-d4b5558a991f,Weibo,https://widget.weibo.com/weiboshow/index.php?language=&width=0&height=468&fansRow=2&ptype=1&speed=0&skin=2&isTitle=0&noborder=1&isWeibo=1&isFans=0&uid=3166553643&verifier=8c0ba972&dpc=1,https://widget.weibo.com/weiboshow/index.php?dpc=1&fansRow=2&height=468&isFans=0&isTitle=0&isWeibo=1&language=&noborder=1&ptype=1&skin=2&speed=0&uid=3166553643&verifier=8c0ba972&width=0,China,zh-CN,search,"[{""provider"": ""serper"", ""query"": ""site:weibo.com careers jobs"", ""rank"": 3, ""snippet"": ""\u96f7\u4e01\u5927\u5b66Campus Jobs \u63d0\u4f9b\u591a\u6837\u5316\u5c97\u4f4d\u673a\u4f1a,\u5e2e\u52a9\u5b66\u751f\u79ef\u7d2f\u7ecf\u9a8c\u3001\u63d0\u5347\u6280\u80fd,\u5e76\u6df1\u5165\u53c2\u4e0e\u6821\u56ed\u6d3b\u52a8\u3002 Internship \u2714 Placement \u2714 Graduate Job \u2714 Careers Fair"", ""title"": ""\u5fae\u535a\u79c0"", ""url"": ""https://widget.weibo.com/weiboshow/index.php?language=&width=0&height=468&fansRow=2&ptype=1&speed=0&skin=2&isTitle=0&noborder=1&isWeibo=1&isFans=0&uid=3166553643&verifier=8c0ba972&dpc=1""}]",https://widget.weibo.com/weiboshow/index.php?language=&width=0&height=468&fansRow=2&ptype=1&speed=0&skin=2&isTitle=0&noborder=1&isWeibo=1&isFans=0&uid=3166553643&verifier=8c0ba972&dpc=1,[],0.0,1.0,0.35,0.5,unknown,0.0,0.3875,rejected,identity_conflict,False
2310d277-804a-5e92-9c33-847d95839ff5,a4c50f48-26be-5264-a02a-d4b5558a991f,Weibo,http://app.weibo.com/t/feed/11imMr,http://app.weibo.com/t/feed/11imMr,China,zh-CN,search,"[{""provider"": ""serper"", ""query"": ""site:weibo.com careers jobs"", ""rank"": 1, ""snippet"": ""realme is an emerging mobile phone brand which is committed to offering mobile phones with powerful performance, stylish design and sincere services."", ""title"": ""realme (Global) - Make it real"", ""url"": ""http://app.weibo.com/t/feed/11imMr""}]",https://www.realme.com/sg/,"[""http://app.weibo.com/t/feed/11imMr"", ""https://www.realme.com/""]",0.0,0.0,0.35,1.0,unknown,0.0,0.1875,rejected,identity_conflict,False
5dec947a-0668-5bf2-94fc-1f56bb3af171,a4c50f48-26be-5264-a02a-d4b5558a991f,Weibo,http://app.weibo.com/t/feed/2HfxJn,http://app.weibo.com/t/feed/2HfxJn,China,zh-CN,search,"[{""provider"": ""serper"", ""query"": ""site:weibo.com careers jobs"", ""rank"": 2, ""snippet"": ""Explore the latest innovative OPPO smartphones and accessories and leap into the future. OPPO Product Ambassadors. Savvy and Spirited Pacesetters"", ""title"": ""OPPO Official Site | OPPO Global"", ""url"": ""http://app.weibo.com/t/feed/2HfxJn""}]",https://www.oppo.com/sg/,"[""http://app.weibo.com/t/feed/2HfxJn"", ""https://www.oppo.com/""]",0.0,0.0,0.35,0.5,unknown,0.0,0.1375,rejected,identity_conflict,False
8e5b8bfd-9323-54e1-93ad-99b93be9fda5,a4c50f48-26be-5264-a02a-d4b5558a991f,Weibo,https://card.weibo.com/article/m/show/id/2309404851673331007631,https://card.weibo.com/article/m/show/id/2309404851673331007631,China,zh-CN,search,"[{""provider"": ""serper"", ""query"": ""site:weibo.com careers jobs"", ""rank"": 4, ""snippet"": ""The careers of scientists and the reputation of their institutions depend on the number and prestige of the papers they produce, but even more so on the ..."", ""title"": ""\u5934\u6761\u6587\u7ae0 - \u5fae\u535a"", ""url"": ""https://card.weibo.com/article/m/show/id/2309404851673331007631""}]",https://card.weibo.com/article/m/show/id/2309404851673331007631,[],0.0,0.0,0.35,0.5,unknown,0.0,0.1375,rejected,identity_conflict,False
c8f13603-d76d-5c9c-8822-a5b40ae4647f,a4c50f48-26be-5264-a02a-d4b5558a991f,Weibo,https://card.weibo.com/article/m/show/id/2309404197222756552498,https://card.weibo.com/article/m/show/id/2309404197222756552498,China,zh-CN,search,"[{""provider"": ""serper"", ""query"": ""site:weibo.com careers jobs"", ""rank"": 5, ""snippet"": ""\u56db\u516d\u7ea7\u8bd5\u5377\u4e0a\u4ea4\u4e4b\u540e\uff0c\u9996\u5148\u7531\u76d1\u8003\u5458\u68c0\u67e5\u8bd5\u5377\u6709\u65e0\u95ee\u9898\u3002 \u7136\u540e\u5c06\u8bd5\u9898\u518c\u4e0e\u7b54\u9898\u5361\uff0c\u5206\u5f00\u88c5\u5165\u5bc6\u5c01\u888b\u5185\u3002 \u9664\u4e86\u68c0\u67e5\u8bd5\u5377\u5916\uff0c\u76d1\u8003\u5458\u8fd8\u8981\u6838\u5bf9\u8be5\u573a\u8003\u8bd5\u7684\u7f3a\u8003\u4eba\u6570\u4ee5\u53ca ..."", ""title"": ""\u5565\uff1f\u56db\u516d\u7ea7\u6210\u7ee9\u5df2\u7ecf\u51fa\u6765\u4e86\uff1f"", ""url"": ""https://card.weibo.com/article/m/show/id/2309404197222756552498""}]",https://card.weibo.com/article/m/show/id/2309404197222756552498,[],0.0,0.0,0.35,0.5,unknown,0.0,0.1375,rejected,identity_conflict,False
3fe944d5-00e0-5c30-b77a-7e719b630070,a4c50f48-26be-5264-a02a-d4b5558a991f,Weibo,https://hk.jooble.org/jobs-sina-weibo,https://hk.jooble.org/jobs-sina-weibo,China,zh-CN,search,"[{""provider"": ""serper"", ""query"": ""\""Weibo\"" China careers"", ""rank"": 6, ""snippet"": ""Search and apply for the latest Sina weibo jobs. Verified employers. Competitive salary. Full-time, temporary, and part-time jobs. Job email alerts."", ""title"": ""Urgent! Sina weibo jobs - July 2026"", ""url"": ""https://hk.jooble.org/jobs-sina-weibo""}]",https://hk.jooble.org/jobs-sina-weibo,[],0.0,0.0,0.0,0.0,unknown,0.0,0.0,rejected,http_403,False
4a89087c-90c0-5d3d-9b31-4f6d96fb8bf0,7768ac6f-a78a-5db4-a995-9cbbcadaff41,MISC,https://www.miscgroup.com/,https://www.miscgroup.com/,Malaysia,en-MY,"official_crawl,search","[{""provider"": ""official_crawl"", ""query"": """", ""rank"": 0, ""snippet"": ""official-site career content"", ""title"": ""Global Leader In Energy Transportation In The Maritime Industry"", ""url"": ""https://www.miscgroup.com/""}, {""provider"": ""serper"", ""query"": ""\""MISC\"" Malaysia careers"", ""rank"": 10, ""snippet"": ""Careers \u00b7 Learn more \u00b7 Contact Us \u00b7 Contact Us. Our news. Latest ... \u00a9 MISC Berhad (Company No. 8178-H) 2026. All Rights Reserved. Toggle cookies ..."", ""title"": ""MISC Berhad"", ""url"": ""https://www.miscgroup.com/""}]",https://www.miscgroup.com/,[],1.0,1.0,0.9,1.0,unknown,0.0,0.925,promoted,,True
0e58ea84-82de-5519-a791-e34de51caadb,7768ac6f-a78a-5db4-a995-9cbbcadaff41,MISC,https://www.miscgroup.com/careers,https://www.miscgroup.com/careers,Malaysia,en-MY,"official_crawl,search","[{""provider"": ""official_crawl"", ""query"": """", ""rank"": 0, ""snippet"": ""official-site link"", ""title"": ""Join Us"", ""url"": ""https://www.miscgroup.com/careers""}, {""provider"": ""official_crawl"", ""query"": """", ""rank"": 0, ""snippet"": ""official-site link"", ""title"": ""Find out more"", ""url"": ""https://www.miscgroup.com/careers""}, {""provider"": ""official_crawl"", ""query"": """", ""rank"": 0, ""snippet"": ""official-site link"", ""title"": """", ""url"": ""https://www.miscgroup.com/careers""}, {""provider"": ""official_crawl"", ""query"": """", ""rank"": 0, ""snippet"": ""official-site link"", ""title"": ""Careers"", ""url"": ""https://www.miscgroup.com/careers""}, {""provider"": ""official_crawl"", ""query"": """", ""rank"": 0, ""snippet"": ""official-site link"", ""title"": ""Learn more"", ""url"": ""https://www.miscgroup.com/careers""}, {""provider"": ""official_crawl"", ""query"": """", ""rank"": 0, ""snippet"": ""official-site link"", ""title"": ""Careers"", ""url"": ""https://www.miscgroup.com/careers""}, {""provider"": ""serper"", ""query"": ""\""MISC\"" Malaysia careers"", ""rank"": 1, ""snippet"": ""Those who wish to seek employment opportunities with MISC are advised to visit our careers page on our website or email us at misc_careers@miscbhd.com."", ""title"": ""Careers"", ""url"": ""https://www.miscgroup.com/careers""}]",https://www.miscgroup.com/careers,[],1.0,1.0,0.9,0.5,custom,0.6,0.905,promoted,,True
6b249f53-ed79-5eb1-89db-95d25c4dd6e9,7768ac6f-a78a-5db4-a995-9cbbcadaff41,MISC,https://www.miscgroup.com/sitemap.xml,https://www.miscgroup.com/sitemap.xml,Malaysia,en-MY,official_crawl,"[{""provider"": ""official_crawl"", ""query"": """", ""rank"": 0, ""snippet"": ""official-site career content"", ""title"": """", ""url"": ""https://www.miscgroup.com/sitemap.xml""}]",https://www.miscgroup.com/sitemap.xml,[],1.0,0.6666666666666666,0.9,1.0,unknown,0.0,0.8417,validated,,False
6d339160-1ceb-5352-b204-2920087fd91e,7768ac6f-a78a-5db4-a995-9cbbcadaff41,MISC,https://www.oliverhcp.com/careers,https://www.oliverhcp.com/careers,Malaysia,en-MY,search,"[{""provider"": ""serper"", ""query"": ""\""MISC\"" Malaysia careers"", ""rank"": 9, ""snippet"": ""... Malaysia. Manufacturing Facility. Wiggensbach, Germany. Contact Us. Country* ... Misc. Medical Technology/AI. Product*, Pouches, DuPont\u2122 Tyvek\u00ae Pouches, Foil ..."", ""title"": ""Careers"", ""url"": ""https://www.oliverhcp.com/careers""}]",https://www.oliverhcp.com/careers,[],1.0,1.0,0.35,1.0,custom,0.65,0.82,validated,,False
5bbe7b3e-45b6-537e-bdfc-c71a707cab5d,7768ac6f-a78a-5db4-a995-9cbbcadaff41,MISC,https://www.misc.com.my/,https://www.misc.com.my/,Malaysia,en-MY,search,"[{""provider"": ""serper"", ""query"": ""site:misc.com.my careers jobs"", ""rank"": 1, ""snippet"": ""MISC Group, a global leader in energy-related maritime solutions and services, brings over 50+ years of experience in the maritime industry. Contact us!"", ""title"": ""MISC Berhad"", ""url"": ""https://www.misc.com.my/""}]",https://www.miscgroup.com/,"[""https://www.misc.com.my/""]",1.0,1.0,0.35,1.0,unknown,0.0,0.7875,validated,,False
6e22e55b-6c57-55ee-b4d8-fd5fefac2980,7768ac6f-a78a-5db4-a995-9cbbcadaff41,MISC,https://www.miscgroup.com/careers/talent-excellence,https://www.miscgroup.com/careers/talent-excellence,Malaysia,en-MY,search,"[{""provider"": ""serper"", ""query"": ""\""MISC\"" Malaysia careers"", ""rank"": 6, ""snippet"": ""Discover MISC Group's commitment to talent excellence through training, leadership, and inclusivity. Build a sustainable career with us\u2014apply today!"", ""title"": ""Talent Excellence"", ""url"": ""https://www.miscgroup.com/careers/talent-excellence""}]",https://www.miscgroup.com/careers/talent-excellence,[],1.0,1.0,0.35,0.5,custom,0.6,0.7675,validated,,False
e6c4218c-f8b9-57c7-b07d-db13e3b85790,7768ac6f-a78a-5db4-a995-9cbbcadaff41,MISC,https://miscgroup.sumtotal.host/Careers/,https://miscgroup.sumtotal.host/Careers,Malaysia,en-MY,search,"[{""provider"": ""serper"", ""query"": ""\""MISC\"" Malaysia careers"", ""rank"": 2, ""snippet"": ""Career opportunities and growth are available in and across various segments of our business. MISC Group's global core businesses comprise LNG Asset Solutions, ..."", ""title"": ""Career at MISC Group of Companies"", ""url"": ""https://miscgroup.sumtotal.host/Careers/""}]",https://miscgroup.sumtotal.host/Careers/,[],1.0,0.3333333333333333,0.35,0.5,unknown,0.0,0.5708,rejected,no_recruitment_evidence,False
